Person_ID,Age
P00001,76
P00002,49
P00003,51
P00004,48
P00005,68
P00006,79
P00007,74
P00008,67
P00009,22
P00010,22
P00011,54
P00012,44
P00013,26
P00014,56
P00015,25
P00016,40
P00017,26
P00018,29
P00019,42
P00020,51
P00021,24
P00022,76
P00023,58
P00024,66
P00025,30
P00026,79
P00027,36
P00028,60
P00029,55
P00030,68
P00031,22
P00032,22
P00033,18
P00034,65
P00035,18
P00036,74
P00037,25
P00038,24
P00039,40
P00040,79
P00041,33
P00042,48
P00043,75
P00044,62
P00045,18
P00046,45
P00047,35
P00048,48
P00049,55
P00050,44
P00051,48
P00052,50
P00053,62
P00054,72
P00055,74
P00056,26
P00057,30
P00058,56
P00059,27
P00060,41
P00061,41
P00062,32
P00063,30
P00064,56
P00065,59
P00066,24
P00067,60
P00068,70
P00069,45
P00070,23
P00071,25
P00072,51
P00073,49
P00074,31
P00075,38
P00076,50
P00077,22
P00078,41
P00079,32
P00080,78
P00081,34
P00082,27
P00083,28
P00084,52
P00085,34
P00086,39
P00087,53
P00088,50
P00089,26
P00090,41
P00091,69
P00092,56
P00093,47
P00094,23
P00095,34
P00096,35
P00097,35
P00098,27
P00099,59
P00100,29
P00101,43
P00102,75
P00103,79
P00104,48
P00105,53
P00106,66
P00107,25
P00108,52
P00109,25
P00110,75
P00111,44
P00112,73
P00113,40
P00114,48
P00115,49
P00116,51
P00117,23
P00118,51
P00119,33
P00120,30
P00121,80
P00122,29
P00123,35
P00124,33
P00125,20
P00126,50
P00127,19
P00128,25
P00129,64
P00130,19
P00131,40
P00132,53
P00133,61
P00134,64
P00135,24
P00136,51
P00137,55
P00138,29
P00139,65
P00140,38
P00141,43
P00142,39
P00143,39
P00144,44
P00145,29
P00146,44
P00147,78
P00148,40
P00149,75
P00150,18
P00151,24
P00152,36
P00153,33
P00154,22
P00155,22
P00156,19
P00157,54
P00158,32
P00159,54
P00160,52
P00161,73
P00162,56
P00163,31
P00164,80
P00165,51
P00166,62
P00167,32
P00168,32
P00169,48
P00170,24
P00171,44
P00172,48
P00173,44
P00174,22
P00175,41
P00176,40
P00177,39
P00178,44
P00179,70
P00180,60
P00181,19
P00182,56
P00183,19
P00184,54
P00185,43
P00186,23
P00187,25
P00188,79
P00189,19
P00190,35
P00191,67
P00192,58
P00193,50
P00194,32
P00195,62
P00196,72
P00197,56
P00198,58
P00199,38
P00200,20
P00201,50
P00202,33
P00203,39
P00204,23
P00205,55
P00206,33
P00207,38
P00208,38
P00209,33
P00210,68
P00211,35
P00212,26
P00213,42
P00214,35
P00215,72
P00216,45
P00217,58
P00218,42
P00219,36
P00220,36
P00221,33
P00222,57
P00223,19
P00224,45
P00225,61
P00226,31
P00227,24
P00228,38
P00229,35
P00230,77
P00231,71
P00232,43
P00233,51
P00234,56
P00235,72
P00236,50
P00237,75
P00238,28
P00239,37
P00240,18
P00241,72
P00242,29
P00243,31
P00244,27
P00245,32
P00246,19
P00247,73
P00248,54
P00249,30
P00250,40
P00251,71
P00252,20
P00253,21
P00254,79
P00255,63
P00256,68
P00257,59
P00258,62
P00259,56
P00260,24
P00261,23
P00262,22
P00263,64
P00264,50
P00265,80
P00266,75
P00267,69
P00268,55
P00269,59
P00270,54
P00271,58
P00272,48
P00273,60
P00274,23
P00275,22
P00276,31
P00277,32
P00278,25
P00279,64
P00280,74
P00281,40
P00282,54
P00283,19
P00284,20
P00285,33
P00286,43
P00287,67
P00288,40
P00289,77
P00290,49
P00291,29
P00292,69
P00293,36
P00294,64
P00295,66
P00296,62
P00297,53
P00298,37
P00299,64
P00300,42
P00301,23
P00302,57
P00303,25
P00304,41
P00305,73
P00306,35
P00307,55
P00308,38
P00309,40
P00310,51
P00311,38
P00312,53
P00313,18
P00314,55
P00315,29
P00316,71
P00317,50
P00318,19
P00319,34
P00320,43
P00321,28
P00322,18
P00323,30
P00324,32
P00325,72
P00326,40
P00327,63
P00328,43
P00329,32
P00330,29
P00331,48
P00332,27
P00333,20
P00334,31
P00335,29
P00336,57
P00337,47
P00338,50
P00339,52
P00340,42
P00341,26
P00342,47
P00343,34
P00344,39
P00345,51
P00346,22
P00347,78
P00348,40
P00349,41
P00350,37
P00351,29
P00352,44
P00353,56
P00354,19
P00355,76
P00356,49
P00357,45
P00358,24
P00359,37
P00360,39
P00361,54
P00362,78
P00363,22
P00364,50
P00365,34
P00366,43
P00367,67
P00368,72
P00369,43
P00370,43
P00371,66
P00372,37
P00373,58
P00374,62
P00375,73
P00376,33
P00377,23
P00378,33
P00379,51
P00380,60
P00381,35
P00382,19
P00383,28
P00384,59
P00385,66
P00386,57
P00387,42
P00388,71
P00389,73
P00390,48
P00391,26
P00392,59
P00393,51
P00394,36
P00395,30
P00396,58
P00397,42
P00398,21
P00399,41
P00400,21
P00401,75
P00402,49
P00403,23
P00404,46
P00405,55
P00406,76
P00407,54
P00408,31
P00409,40
P00410,33
P00411,20
P00412,54
P00413,35
P00414,18
P00415,79
P00416,19
P00417,30
P00418,48
P00419,37
P00420,33
P00421,23
P00422,59
P00423,37
P00424,23
P00425,49
P00426,58
P00427,34
P00428,75
P00429,51
P00430,52
P00431,19
P00432,42
P00433,28
P00434,28
P00435,21
P00436,27
P00437,35
P00438,47
P00439,50
P00440,26
P00441,79
P00442,19
P00443,55
P00444,29
P00445,50
P00446,53
P00447,36
P00448,46
P00449,27
P00450,34
P00451,25
P00452,39
P00453,56
P00454,52
P00455,42
P00456,74
P00457,22
P00458,78
P00459,54
P00460,53
P00461,35
P00462,26
P00463,38
P00464,41
P00465,44
P00466,24
P00467,76
P00468,31
P00469,41
P00470,71
P00471,59
P00472,26
P00473,18
P00474,63
P00475,34
P00476,51
P00477,51
P00478,20
P00479,26
P00480,74
P00481,49
P00482,56
P00483,61
P00484,58
P00485,80
P00486,69
P00487,55
P00488,41
P00489,54
P00490,49
P00491,65
P00492,77
P00493,57
P00494,21
P00495,55
P00496,68
P00497,27
P00498,59
P00499,22
P00500,70
P00501,70
P00502,20
P00503,59
P00504,47
P00505,32
P00506,65
P00507,54
P00508,68
P00509,70
P00510,66
P00511,74
P00512,30
P00513,19
P00514,18
P00515,53
P00516,18
P00517,65
P00518,51
P00519,79
P00520,50
P00521,25
P00522,44
P00523,43
P00524,55
P00525,42
P00526,32
P00527,43
P00528,27
P00529,35
P00530,49
P00531,22
P00532,38
P00533,78
P00534,33
P00535,28
P00536,31
P00537,43
P00538,74
P00539,19
P00540,68
P00541,51
P00542,78
P00543,27
P00544,36
P00545,50
P00546,39
P00547,18
P00548,21
P00549,72
P00550,52
P00551,28
P00552,75
P00553,51
P00554,27
P00555,40
P00556,50
P00557,48
P00558,36
P00559,68
P00560,37
P00561,30
P00562,44
P00563,57
P00564,80
P00565,25
P00566,41
P00567,27
P00568,60
P00569,66
P00570,80
P00571,31
P00572,75
P00573,29
P00574,27
P00575,30
P00576,61
P00577,32
P00578,70
P00579,26
P00580,24
P00581,49
P00582,39
P00583,75
P00584,30
P00585,70
P00586,45
P00587,38
P00588,22
P00589,18
P00590,60
P00591,65
P00592,40
P00593,51
P00594,37
P00595,52
P00596,25
P00597,61
P00598,45
P00599,51
P00600,32
P00601,55
P00602,40
P00603,48
P00604,59
P00605,36
P00606,32
P00607,34
P00608,43
P00609,78
P00610,26
P00611,42
P00612,22
P00613,77
P00614,56
P00615,52
P00616,29
P00617,28
P00618,32
P00619,75
P00620,44
P00621,30
P00622,76
P00623,80
P00624,76
P00625,18
P00626,23
P00627,54
P00628,73
P00629,46
P00630,50
P00631,21
P00632,37
P00633,42
P00634,32
P00635,41
P00636,23
P00637,80
P00638,73
P00639,32
P00640,19
P00641,59
P00642,60
P00643,64
P00644,48
P00645,56
P00646,71
P00647,47
P00648,22
P00649,20
P00650,57
P00651,25
P00652,66
P00653,29
P00654,46
P00655,21
P00656,46
P00657,63
P00658,49
P00659,40
P00660,25
P00661,19
P00662,33
P00663,47
P00664,69
P00665,22
P00666,80
P00667,22
P00668,71
P00669,39
P00670,36
P00671,56
P00672,27
P00673,70
P00674,40
P00675,23
P00676,49
P00677,54
P00678,43
P00679,27
P00680,20
P00681,39
P00682,18
P00683,28
P00684,18
P00685,68
P00686,63
P00687,52
P00688,75
P00689,22
P00690,21
P00691,32
P00692,65
P00693,25
P00694,21
P00695,35
P00696,20
P00697,20
P00698,36
P00699,41
P00700,45
P00701,34
P00702,54
P00703,26
P00704,57
P00705,25
P00706,70
P00707,35
P00708,45
P00709,34
P00710,53
P00711,59
P00712,30
P00713,28
P00714,31
P00715,21
P00716,25
P00717,23
P00718,56
P00719,78
P00720,20
P00721,21
P00722,46
P00723,48
P00724,54
P00725,46
P00726,22
P00727,27
P00728,25
P00729,18
P00730,72
P00731,18
P00732,47
P00733,40
P00734,53
P00735,54
P00736,60
P00737,41
P00738,21
P00739,31
P00740,18
P00741,25
P00742,66
P00743,73
P00744,52
P00745,24
P00746,37
P00747,76
P00748,69
P00749,56
P00750,58
P00751,67
P00752,48
P00753,26
P00754,43
P00755,77
P00756,22
P00757,35
P00758,76
P00759,60
P00760,41
P00761,35
P00762,19
P00763,24
P00764,43
P00765,44
P00766,29
P00767,27
P00768,23
P00769,73
P00770,48
P00771,73
P00772,25
P00773,37
P00774,35
P00775,33
P00776,57
P00777,57
P00778,28
P00779,70
P00780,73
P00781,75
P00782,23
P00783,71
P00784,57
P00785,58
P00786,59
P00787,55
P00788,51
P00789,20
P00790,41
P00791,24
P00792,37
P00793,30
P00794,64
P00795,24
P00796,57
P00797,63
P00798,60
P00799,66
P00800,43
P00801,18
P00802,30
P00803,78
P00804,41
P00805,77
P00806,38
P00807,18
P00808,33
P00809,44
P00810,69
P00811,29
P00812,71
P00813,29
P00814,65
P00815,34
P00816,67
P00817,68
P00818,48
P00819,25
P00820,76
P00821,18
P00822,28
P00823,41
P00824,48
P00825,61
P00826,48
P00827,27
P00828,44
P00829,57
P00830,26
P00831,72
P00832,66
P00833,76
P00834,69
P00835,56
P00836,71
P00837,57
P00838,33
P00839,58
P00840,66
P00841,19
P00842,24
P00843,21
P00844,50
P00845,36
P00846,53
P00847,52
P00848,74
P00849,36
P00850,40
P00851,55
P00852,59
P00853,47
P00854,27
P00855,75
P00856,44
P00857,76
P00858,24
P00859,21
P00860,39
P00861,32
P00862,31
P00863,47
P00864,30
P00865,37
P00866,37
P00867,50
P00868,55
P00869,50
P00870,59
P00871,57
P00872,54
P00873,35
P00874,21
P00875,53
P00876,54
P00877,51
P00878,25
P00879,63
P00880,60
P00881,39
P00882,52
P00883,51
P00884,77
P00885,25
P00886,46
P00887,44
P00888,71
P00889,30
P00890,28
P00891,19
P00892,21
P00893,63
P00894,80
P00895,74
P00896,38
P00897,56
P00898,40
P00899,53
P00900,79
P00901,45
P00902,28
P00903,53
P00904,39
P00905,69
P00906,76
P00907,55
P00908,58
P00909,35
P00910,78
P00911,57
P00912,47
P00913,56
P00914,37
P00915,48
P00916,52
P00917,48
P00918,23
P00919,40
P00920,18
P00921,33
P00922,36
P00923,47
P00924,78
P00925,31
P00926,32
P00927,56
P00928,19
P00929,20
P00930,47
P00931,74
P00932,55
P00933,28
P00934,32
P00935,30
P00936,35
P00937,18
P00938,65
P00939,33
P00940,38
P00941,53
P00942,52
P00943,31
P00944,38
P00945,48
P00946,62
P00947,24
P00948,52
P00949,40
P00950,28
P00951,55
P00952,25
P00953,18
P00954,49
P00955,57
P00956,35
P00957,33
P00958,28
P00959,29
P00960,79
P00961,30
P00962,43
P00963,59
P00964,51
P00965,48
P00966,37
P00967,55
P00968,72
P00969,70
P00970,18
P00971,28
P00972,71
P00973,32
P00974,48
P00975,26
P00976,58
P00977,36
P00978,38
P00979,59
P00980,27
P00981,73
P00982,37
P00983,56
P00984,52
P00985,25
P00986,25
P00987,47
P00988,40
P00989,45
P00990,24
P00991,47
P00992,29
P00993,53
P00994,18
P00995,49
P00996,45
P00997,29
P00998,66
P00999,50
P01000,46
P01001,41
P01002,37
P01003,18
P01004,19
P01005,51
P01006,61
P01007,33
P01008,18
P01009,33
P01010,53
P01011,49
P01012,66
P01013,30
P01014,54
P01015,53
P01016,46
P01017,66
P01018,54
P01019,56
P01020,19
P01021,52
P01022,67
P01023,77
P01024,47
P01025,29
P01026,50
P01027,26
P01028,19
P01029,64
P01030,22
P01031,67
P01032,57
P01033,78
P01034,74
P01035,49
P01036,72
P01037,66
P01038,54
P01039,80
P01040,28
P01041,26
P01042,43
P01043,42
P01044,39
P01045,19
P01046,75
P01047,51
P01048,54
P01049,26
P01050,58
P01051,72
P01052,51
P01053,47
P01054,38
P01055,51
P01056,29
P01057,50
P01058,64
P01059,52
P01060,20
P01061,51
P01062,42
P01063,18
P01064,55
P01065,43
P01066,33
P01067,31
P01068,57
P01069,22
P01070,41
P01071,32
P01072,53
P01073,33
P01074,40
P01075,22
P01076,40
P01077,58
P01078,56
P01079,80
P01080,50
P01081,30
P01082,35
P01083,27
P01084,61
P01085,61
P01086,22
P01087,45
P01088,43
P01089,57
P01090,74
P01091,50
P01092,59
P01093,33
P01094,24
P01095,22
P01096,77
P01097,36
P01098,37
P01099,43
P01100,59
P01101,61
P01102,27
P01103,41
P01104,57
P01105,55
P01106,25
P01107,48
P01108,31
P01109,59
P01110,56
P01111,52
P01112,48
P01113,31
P01114,45
P01115,75
P01116,39
P01117,74
P01118,58
P01119,23
P01120,71
P01121,73
P01122,31
P01123,40
P01124,24
P01125,56
P01126,59
P01127,25
P01128,47
P01129,43
P01130,22
P01131,18
P01132,67
P01133,71
P01134,23
P01135,32
P01136,46
P01137,36
P01138,20
P01139,32
P01140,75
P01141,29
P01142,24
P01143,74
P01144,78
P01145,30
P01146,54
P01147,25
P01148,37
P01149,77
P01150,21
P01151,30
P01152,23
P01153,51
P01154,64
P01155,69
P01156,34
P01157,75
P01158,43
P01159,30
P01160,78
P01161,76
P01162,61
P01163,41
P01164,33
P01165,43
P01166,25
P01167,61
P01168,64
P01169,28
P01170,66
P01171,47
P01172,51
P01173,18
P01174,51
P01175,28
P01176,66
P01177,36
P01178,40
P01179,45
P01180,27
P01181,56
P01182,53
P01183,48
P01184,43
P01185,41
P01186,39
P01187,48
P01188,30
P01189,72
P01190,30
P01191,38
P01192,74
P01193,74
P01194,32
P01195,44
P01196,42
P01197,28
P01198,31
P01199,29
P01200,78
P01201,61
P01202,38
P01203,40
P01204,24
P01205,26
P01206,34
P01207,21
P01208,55
P01209,35
P01210,26
P01211,67
P01212,23
P01213,61
P01214,48
P01215,36
P01216,19
P01217,32
P01218,72
P01219,40
P01220,54
P01221,50
P01222,28
P01223,54
P01224,47
P01225,73
P01226,65
P01227,56
P01228,72
P01229,33
P01230,51
P01231,64
P01232,40
P01233,75
P01234,20
P01235,57
P01236,25
P01237,34
P01238,39
P01239,55
P01240,58
P01241,49
P01242,61
P01243,41
P01244,60
P01245,53
P01246,19
P01247,63
P01248,76
P01249,56
P01250,77
P01251,18
P01252,67
P01253,58
P01254,33
P01255,57
P01256,45
P01257,39
P01258,79
P01259,37
P01260,38
P01261,72
P01262,32
P01263,71
P01264,74
P01265,43
P01266,34
P01267,48
P01268,19
P01269,57
P01270,31
P01271,19
P01272,54
P01273,63
P01274,43
P01275,47
P01276,30
P01277,65
P01278,33
P01279,56
P01280,42
P01281,23
P01282,46
P01283,61
P01284,28
P01285,73
P01286,66
P01287,67
P01288,72
P01289,54
P01290,60
P01291,24
P01292,51
P01293,56
P01294,32
P01295,34
P01296,77
P01297,58
P01298,43
P01299,72
P01300,69
P01301,25
P01302,80
P01303,39
P01304,38
P01305,39
P01306,56
P01307,52
P01308,54
P01309,44
P01310,39
P01311,58
P01312,48
P01313,22
P01314,40
P01315,52
P01316,20
P01317,43
P01318,53
P01319,24
P01320,33
P01321,35
P01322,70
P01323,64
P01324,68
P01325,53
P01326,53
P01327,60
P01328,51
P01329,23
P01330,42
P01331,50
P01332,29
P01333,28
P01334,41
P01335,37
P01336,61
P01337,60
P01338,58
P01339,43
P01340,41
P01341,43
P01342,65
P01343,36
P01344,51
P01345,31
P01346,34
P01347,68
P01348,34
P01349,18
P01350,24
P01351,26
P01352,21
P01353,68
P01354,40
P01355,69
P01356,33
P01357,22
P01358,36
P01359,23
P01360,32
P01361,21
P01362,35
P01363,66
P01364,31
P01365,27
P01366,38
P01367,49
P01368,29
P01369,57
P01370,49
P01371,45
P01372,40
P01373,47
P01374,55
P01375,39
P01376,52
P01377,49
P01378,27
P01379,46
P01380,26
P01381,21
P01382,37
P01383,64
P01384,57
P01385,29
P01386,40
P01387,55
P01388,19
P01389,19
P01390,48
P01391,35
P01392,55
P01393,60
P01394,58
P01395,75
P01396,76
P01397,59
P01398,58
P01399,67
P01400,28
P01401,24
P01402,45
P01403,33
P01404,26
P01405,29
P01406,80
P01407,20
P01408,35
P01409,19
P01410,31
P01411,74
P01412,67
P01413,79
P01414,60
P01415,50
P01416,53
P01417,19
P01418,70
P01419,59
P01420,26
P01421,49
P01422,59
P01423,21
P01424,41
P01425,68
P01426,79
P01427,77
P01428,76
P01429,52
P01430,65
P01431,64
P01432,50
P01433,39
P01434,22
P01435,45
P01436,26
P01437,80
P01438,18
P01439,31
P01440,77
P01441,72
P01442,57
P01443,51
P01444,25
P01445,39
P01446,40
P01447,19
P01448,75
P01449,38
P01450,50
P01451,52
P01452,54
P01453,20
P01454,22
P01455,53
P01456,26
P01457,33
P01458,25
P01459,26
P01460,45
P01461,72
P01462,80
P01463,22
P01464,44
P01465,66
P01466,24
P01467,79
P01468,42
P01469,54
P01470,71
P01471,74
P01472,71
P01473,25
P01474,25
P01475,18
P01476,44
P01477,33
P01478,48
P01479,56
P01480,58
P01481,18
P01482,59
P01483,18
P01484,64
P01485,66
P01486,27
P01487,80
P01488,26
P01489,74
P01490,32
P01491,21
P01492,41
P01493,74
P01494,29
P01495,46
P01496,42
P01497,24
P01498,57
P01499,78
P01500,24
P01501,46
P01502,21
P01503,48
P01504,38
P01505,61
P01506,36
P01507,37
P01508,41
P01509,29
P01510,77
P01511,34
P01512,23
P01513,32
P01514,79
P01515,62
P01516,69
P01517,23
P01518,23
P01519,77
P01520,34
P01521,54
P01522,23
P01523,19
P01524,37
P01525,27
P01526,67
P01527,47
P01528,45
P01529,41
P01530,57
P01531,50
P01532,66
P01533,24
P01534,44
P01535,56
P01536,46
P01537,28
P01538,24
P01539,38
P01540,37
P01541,33
P01542,45
P01543,27
P01544,22
P01545,52
P01546,59
P01547,34
P01548,57
P01549,22
P01550,30
P01551,20
P01552,23
P01553,35
P01554,23
P01555,38
P01556,67
P01557,47
P01558,60
P01559,47
P01560,29
P01561,45
P01562,52
P01563,25
P01564,45
P01565,54
P01566,75
P01567,52
P01568,46
P01569,30
P01570,22
P01571,46
P01572,35
P01573,50
P01574,69
P01575,55
P01576,48
P01577,68
P01578,57
P01579,44
P01580,48
P01581,24
P01582,33
P01583,50
P01584,25
P01585,66
P01586,55
P01587,60
P01588,43
P01589,37
P01590,30
P01591,29
P01592,56
P01593,33
P01594,24
P01595,41
P01596,40
P01597,33
P01598,69
P01599,79
P01600,40
P01601,19
P01602,30
P01603,65
P01604,49
P01605,19
P01606,37
P01607,51
P01608,49
P01609,60
P01610,20
P01611,21
P01612,48
P01613,22
P01614,43
P01615,54
P01616,59
P01617,67
P01618,52
P01619,31
P01620,32
P01621,73
P01622,24
P01623,50
P01624,31
P01625,40
P01626,28
P01627,44
P01628,63
P01629,54
P01630,32
P01631,75
P01632,37
P01633,61
P01634,75
P01635,56
P01636,44
P01637,57
P01638,58
P01639,28
P01640,54
P01641,58
P01642,38
P01643,55
P01644,51
P01645,26
P01646,54
P01647,66
P01648,42
P01649,50
P01650,24
P01651,72
P01652,45
P01653,57
P01654,34
P01655,65
P01656,50
P01657,47
P01658,40
P01659,64
P01660,74
P01661,27
P01662,59
P01663,53
P01664,36
P01665,37
P01666,40
P01667,70
P01668,68
P01669,43
P01670,20
P01671,38
P01672,71
P01673,20
P01674,60
P01675,48
P01676,25
P01677,45
P01678,74
P01679,41
P01680,73
P01681,22
P01682,44
P01683,70
P01684,41
P01685,41
P01686,43
P01687,56
P01688,38
P01689,22
P01690,36
P01691,38
P01692,19
P01693,27
P01694,24
P01695,35
P01696,33
P01697,38
P01698,32
P01699,27
P01700,36
P01701,31
P01702,34
P01703,34
P01704,75
P01705,79
P01706,25
P01707,72
P01708,77
P01709,21
P01710,22
P01711,68
P01712,72
P01713,63
P01714,23
P01715,31
P01716,18
P01717,34
P01718,78
P01719,57
P01720,37
P01721,48
P01722,23
P01723,53
P01724,22
P01725,27
P01726,80
P01727,71
P01728,30
P01729,68
P01730,20
P01731,28
P01732,45
P01733,72
P01734,38
P01735,53
P01736,65
P01737,67
P01738,70
P01739,24
P01740,55
P01741,55
P01742,61
P01743,79
P01744,53
P01745,27
P01746,78
P01747,72
P01748,48
P01749,30
P01750,55
P01751,19
P01752,55
P01753,55
P01754,22
P01755,62
P01756,27
P01757,22
P01758,36
P01759,22
P01760,34
P01761,31
P01762,35
P01763,62
P01764,66
P01765,69
P01766,50
P01767,69
P01768,55
P01769,42
P01770,54
P01771,57
P01772,25
P01773,32
P01774,31
P01775,37
P01776,31
P01777,59
P01778,64
P01779,69
P01780,50
P01781,73
P01782,53
P01783,28
P01784,18
P01785,60
P01786,42
P01787,50
P01788,55
P01789,32
P01790,78
P01791,27
P01792,62
P01793,20
P01794,24
P01795,73
P01796,39
P01797,45
P01798,20
P01799,58
P01800,27
P01801,71
P01802,27
P01803,66
P01804,60
P01805,20
P01806,46
P01807,42
P01808,59
P01809,66
P01810,78
P01811,47
P01812,50
P01813,23
P01814,72
P01815,62
P01816,52
P01817,50
P01818,38
P01819,74
P01820,55
P01821,51
P01822,37
P01823,57
P01824,73
P01825,59
P01826,44
P01827,26
P01828,28
P01829,24
P01830,49
P01831,57
P01832,33
P01833,31
P01834,64
P01835,38
P01836,45
P01837,56
P01838,40
P01839,53
P01840,28
P01841,62
P01842,57
P01843,61
P01844,35
P01845,36
P01846,42
P01847,35
P01848,25
P01849,73
P01850,51
P01851,18
P01852,32
P01853,60
P01854,50
P01855,26
P01856,27
P01857,62
P01858,72
P01859,54
P01860,53
P01861,40
P01862,33
P01863,25
P01864,30
P01865,24
P01866,30
P01867,47
P01868,48
P01869,78
P01870,50
P01871,59
P01872,28
P01873,69
P01874,49
P01875,71
P01876,69
P01877,46
P01878,58
P01879,23
P01880,59
P01881,38
P01882,75
P01883,39
P01884,32
P01885,79
P01886,49
P01887,25
P01888,74
P01889,20
P01890,62
P01891,59
P01892,24
P01893,25
P01894,19
P01895,48
P01896,31
P01897,32
P01898,33
P01899,61
P01900,53
P01901,47
P01902,22
P01903,80
P01904,74
P01905,56
P01906,45
P01907,59
P01908,22
P01909,68
P01910,31
P01911,39
P01912,21
P01913,56
P01914,32
P01915,60
P01916,28
P01917,80
P01918,42
P01919,66
P01920,19
P01921,41
P01922,72
P01923,75
P01924,20
P01925,77
P01926,30
P01927,58
P01928,54
P01929,53
P01930,59
P01931,31
P01932,30
P01933,50
P01934,27
P01935,37
P01936,77
P01937,29
P01938,68
P01939,21
P01940,37
P01941,26
P01942,61
P01943,61
P01944,48
P01945,24
P01946,48
P01947,18
P01948,58
P01949,49
P01950,34
P01951,51
P01952,67
P01953,45
P01954,27
P01955,58
P01956,37
P01957,35
P01958,29
P01959,35
P01960,38
P01961,39
P01962,48
P01963,30
P01964,50
P01965,72
P01966,76
P01967,45
P01968,32
P01969,36
P01970,29
P01971,26
P01972,33
P01973,57
P01974,49
P01975,63
P01976,22
P01977,41
P01978,54
P01979,58
P01980,30
P01981,31
P01982,62
P01983,47
P01984,54
P01985,51
P01986,66
P01987,47
P01988,48
P01989,47
P01990,47
P01991,39
P01992,27
P01993,32
P01994,53
P01995,26
P01996,76
P01997,35
P01998,38
P01999,23
P02000,38
P02001,27
P02002,18
P02003,28
P02004,52
P02005,48
P02006,55
P02007,54
P02008,47
P02009,31
P02010,39
P02011,33
P02012,42
P02013,27
P02014,75
P02015,80
P02016,58
P02017,68
P02018,35
P02019,25
P02020,52
P02021,74
P02022,32
P02023,51
P02024,29
P02025,34
P02026,19
P02027,57
P02028,75
P02029,49
P02030,68
P02031,70
P02032,33
P02033,22
P02034,77
P02035,42
P02036,27
P02037,26
P02038,38
P02039,23
P02040,59
P02041,34
P02042,47
P02043,65
P02044,35
P02045,41
P02046,67
P02047,42
P02048,20
P02049,57
P02050,64
P02051,27
P02052,33
P02053,22
P02054,40
P02055,26
P02056,35
P02057,59
P02058,30
P02059,26
P02060,77
P02061,44
P02062,38
P02063,30
P02064,61
P02065,23
P02066,40
P02067,80
P02068,61
P02069,23
P02070,20
P02071,77
P02072,29
P02073,22
P02074,53
P02075,49
P02076,23
P02077,44
P02078,68
P02079,45
P02080,19
P02081,63
P02082,75
P02083,33
P02084,62
P02085,23
P02086,71
P02087,21
P02088,23
P02089,37
P02090,34
P02091,29
P02092,44
P02093,46
P02094,27
P02095,34
P02096,29
P02097,21
P02098,27
P02099,29
P02100,30
P02101,79
P02102,40
P02103,37
P02104,67
P02105,19
P02106,36
P02107,24
P02108,25
P02109,28
P02110,77
P02111,55
P02112,74
P02113,37
P02114,26
P02115,24
P02116,23
P02117,39
P02118,19
P02119,54
P02120,18
P02121,34
P02122,37
P02123,21
P02124,33
P02125,23
P02126,31
P02127,33
P02128,43
P02129,46
P02130,53
P02131,62
P02132,52
P02133,27
P02134,23
P02135,39
P02136,27
P02137,59
P02138,74
P02139,54
P02140,30
P02141,76
P02142,22
P02143,34
P02144,26
P02145,24
P02146,78
P02147,54
P02148,53
P02149,57
P02150,72
P02151,23
P02152,65
P02153,53
P02154,32
P02155,53
P02156,52
P02157,36
P02158,59
P02159,50
P02160,43
P02161,26
P02162,27
P02163,20
P02164,44
P02165,78
P02166,58
P02167,28
P02168,51
P02169,26
P02170,41
P02171,49
P02172,30
P02173,45
P02174,57
P02175,26
P02176,77
P02177,28
P02178,26
P02179,32
P02180,52
P02181,27
P02182,19
P02183,28
P02184,53
P02185,20
P02186,24
P02187,39
P02188,33
P02189,56
P02190,55
P02191,18
P02192,26
P02193,73
P02194,20
P02195,57
P02196,53
P02197,75
P02198,39
P02199,54
P02200,63
P02201,49
P02202,43
P02203,29
P02204,28
P02205,56
P02206,63
P02207,54
P02208,55
P02209,25
P02210,57
P02211,48
P02212,77
P02213,37
P02214,79
P02215,55
P02216,37
P02217,50
P02218,64
P02219,79
P02220,31
P02221,36
P02222,48
P02223,65
P02224,34
P02225,39
P02226,35
P02227,50
P02228,47
P02229,58
P02230,62
P02231,69
P02232,27
P02233,80
P02234,26
P02235,63
P02236,43
P02237,55
P02238,77
P02239,20
P02240,67
P02241,41
P02242,28
P02243,22
P02244,19
P02245,59
P02246,74
P02247,19
P02248,56
P02249,35
P02250,48
P02251,28
P02252,38
P02253,62
P02254,47
P02255,18
P02256,31
P02257,20
P02258,33
P02259,25
P02260,62
P02261,63
P02262,33
P02263,22
P02264,36
P02265,70
P02266,22
P02267,27
P02268,38
P02269,78
P02270,32
P02271,25
P02272,32
P02273,55
P02274,72
P02275,61
P02276,63
P02277,20
P02278,22
P02279,77
P02280,20
P02281,24
P02282,34
P02283,72
P02284,18
P02285,18
P02286,63
P02287,41
P02288,48
P02289,76
P02290,50
P02291,32
P02292,28
P02293,28
P02294,23
P02295,66
P02296,66
P02297,52
P02298,43
P02299,48
P02300,31
P02301,66
P02302,29
P02303,20
P02304,48
P02305,18
P02306,33
P02307,22
P02308,32
P02309,39
P02310,20
P02311,53
P02312,42
P02313,40
P02314,43
P02315,56
P02316,21
P02317,58
P02318,18
P02319,59
P02320,54
P02321,44
P02322,78
P02323,33
P02324,67
P02325,37
P02326,46
P02327,52
P02328,67
P02329,65
P02330,55
P02331,48
P02332,50
P02333,62
P02334,71
P02335,39
P02336,35
P02337,21
P02338,30
P02339,51
P02340,31
P02341,64
P02342,69
P02343,35
P02344,42
P02345,26
P02346,57
P02347,55
P02348,34
P02349,67
P02350,71
P02351,23
P02352,54
P02353,58
P02354,42
P02355,33
P02356,31
P02357,38
P02358,30
P02359,65
P02360,25
P02361,29
P02362,61
P02363,32
P02364,35
P02365,33
P02366,50
P02367,65
P02368,20
P02369,30
P02370,52
P02371,28
P02372,30
P02373,69
P02374,64
P02375,63
P02376,57
P02377,44
P02378,20
P02379,32
P02380,77
P02381,28
P02382,55
P02383,29
P02384,30
P02385,59
P02386,23
P02387,19
P02388,36
P02389,46
P02390,75
P02391,21
P02392,33
P02393,61
P02394,18
P02395,32
P02396,44
P02397,55
P02398,40
P02399,29
P02400,33
P02401,40
P02402,44
P02403,22
P02404,54
P02405,57
P02406,48
P02407,19
P02408,53
P02409,69
P02410,42
P02411,55
P02412,20
P02413,26
P02414,77
P02415,75
P02416,22
P02417,37
P02418,59
P02419,18
P02420,32
P02421,52
P02422,24
P02423,61
P02424,44
P02425,23
P02426,25
P02427,43
P02428,28
P02429,36
P02430,21
P02431,29
P02432,23
P02433,57
P02434,50
P02435,21
P02436,46
P02437,49
P02438,18
P02439,45
P02440,31
P02441,44
P02442,69
P02443,54
P02444,56
P02445,28
P02446,31
P02447,18
P02448,33
P02449,51
P02450,79
P02451,20
P02452,21
P02453,57
P02454,37
P02455,58
P02456,78
P02457,40
P02458,32
P02459,30
P02460,42
P02461,46
P02462,55
P02463,38
P02464,25
P02465,24
P02466,56
P02467,47
P02468,19
P02469,69
P02470,75
P02471,29
P02472,68
P02473,35
P02474,37
P02475,43
P02476,58
P02477,80
P02478,31
P02479,42
P02480,23
P02481,20
P02482,41
P02483,33
P02484,35
P02485,21
P02486,70
P02487,75
P02488,25
P02489,50
P02490,18
P02491,74
P02492,55
P02493,27
P02494,55
P02495,47
P02496,35
P02497,30
P02498,42
P02499,44
P02500,39
P02501,39
P02502,38
P02503,70
P02504,32
P02505,47
P02506,23
P02507,57
P02508,41
P02509,39
P02510,74
P02511,36
P02512,34
P02513,52
P02514,25
P02515,39
P02516,47
P02517,30
P02518,43
P02519,25
P02520,66
P02521,29
P02522,80
P02523,32
P02524,32
P02525,18
P02526,55
P02527,41
P02528,77
P02529,27
P02530,27
P02531,23
P02532,44
P02533,37
P02534,38
P02535,61
P02536,42
P02537,62
P02538,43
P02539,26
P02540,38
P02541,61
P02542,35
P02543,46
P02544,42
P02545,76
P02546,54
P02547,38
P02548,51
P02549,21
P02550,52
P02551,44
P02552,30
P02553,21
P02554,59
P02555,18
P02556,21
P02557,62
P02558,41
P02559,35
P02560,21
P02561,27
P02562,48
P02563,70
P02564,19
P02565,53
P02566,22
P02567,34
P02568,18
P02569,36
P02570,34
P02571,25
P02572,22
P02573,26
P02574,59
P02575,52
P02576,78
P02577,20
P02578,45
P02579,51
P02580,79
P02581,56
P02582,46
P02583,62
P02584,69
P02585,76
P02586,27
P02587,74
P02588,36
P02589,57
P02590,21
P02591,79
P02592,43
P02593,21
P02594,53
P02595,63
P02596,64
P02597,62
P02598,42
P02599,44
P02600,55
P02601,32
P02602,59
P02603,54
P02604,67
P02605,50
P02606,24
P02607,61
P02608,41
P02609,41
P02610,33
P02611,60
P02612,18
P02613,41
P02614,55
P02615,77
P02616,51
P02617,77
P02618,47
P02619,69
P02620,43
P02621,20
P02622,74
P02623,33
P02624,19
P02625,58
P02626,48
P02627,46
P02628,42
P02629,79
P02630,56
P02631,27
P02632,36
P02633,75
P02634,25
P02635,43
P02636,30
P02637,23
P02638,34
P02639,43
P02640,43
P02641,24
P02642,63
P02643,58
P02644,59
P02645,80
P02646,39
P02647,21
P02648,37
P02649,44
P02650,80
P02651,51
P02652,23
P02653,46
P02654,29
P02655,29
P02656,23
P02657,45
P02658,72
P02659,40
P02660,49
P02661,49
P02662,34
P02663,57
P02664,46
P02665,70
P02666,64
P02667,73
P02668,73
P02669,30
P02670,58
P02671,48
P02672,57
P02673,49
P02674,59
P02675,50
P02676,28
P02677,33
P02678,35
P02679,32
P02680,55
P02681,52
P02682,19
P02683,39
P02684,46
P02685,29
P02686,62
P02687,38
P02688,32
P02689,48
P02690,18
P02691,32
P02692,44
P02693,30
P02694,77
P02695,40
P02696,38
P02697,30
P02698,53
P02699,35
P02700,27
P02701,45
P02702,35
P02703,38
P02704,43
P02705,21
P02706,25
P02707,43
P02708,30
P02709,19
P02710,18
P02711,60
P02712,39
P02713,43
P02714,30
P02715,51
P02716,33
P02717,22
P02718,51
P02719,65
P02720,42
P02721,73
P02722,50
P02723,23
P02724,69
P02725,56
P02726,51
P02727,43
P02728,71
P02729,35
P02730,18
P02731,23
P02732,60
P02733,75
P02734,73
P02735,33
P02736,23
P02737,24
P02738,21
P02739,37
P02740,71
P02741,59
P02742,73
P02743,25
P02744,40
P02745,45
P02746,18
P02747,36
P02748,55
P02749,57
P02750,34
P02751,72
P02752,29
P02753,19
P02754,36
P02755,77
P02756,51
P02757,47
P02758,30
P02759,32
P02760,29
P02761,71
P02762,31
P02763,24
P02764,26
P02765,20
P02766,71
P02767,72
P02768,27
P02769,42
P02770,21
P02771,38
P02772,44
P02773,40
P02774,74
P02775,32
P02776,24
P02777,50
P02778,22
P02779,35
P02780,59
P02781,54
P02782,24
P02783,18
P02784,64
P02785,57
P02786,44
P02787,75
P02788,22
P02789,54
P02790,19
P02791,31
P02792,32
P02793,38
P02794,32
P02795,55
P02796,22
P02797,29
P02798,18
P02799,49
P02800,56
P02801,59
P02802,56
P02803,37
P02804,33
P02805,36
P02806,38
P02807,27
P02808,70
P02809,26
P02810,68
P02811,77
P02812,60
P02813,50
P02814,70
P02815,23
P02816,77
P02817,28
P02818,41
P02819,24
P02820,37
P02821,48
P02822,46
P02823,40
P02824,55
P02825,19
P02826,58
P02827,33
P02828,48
P02829,43
P02830,38
P02831,77
P02832,61
P02833,55
P02834,30
P02835,66
P02836,41
P02837,52
P02838,73
P02839,19
P02840,31
P02841,77
P02842,48
P02843,73
P02844,46
P02845,33
P02846,64
P02847,34
P02848,43
P02849,65
P02850,47
P02851,22
P02852,39
P02853,43
P02854,45
P02855,57
P02856,32
P02857,34
P02858,20
P02859,51
P02860,28
P02861,79
P02862,27
P02863,59
P02864,70
P02865,44
P02866,58
P02867,31
P02868,46
P02869,52
P02870,61
P02871,47
P02872,50
P02873,66
P02874,33
P02875,20
P02876,61
P02877,36
P02878,42
P02879,60
P02880,27
P02881,80
P02882,40
P02883,29
P02884,39
P02885,24
P02886,79
P02887,47
P02888,60
P02889,39
P02890,79
P02891,31
P02892,58
P02893,75
P02894,31
P02895,58
P02896,34
P02897,42
P02898,56
P02899,76
P02900,20
P02901,39
P02902,19
P02903,78
P02904,39
P02905,35
P02906,80
P02907,57
P02908,30
P02909,38
P02910,34
P02911,58
P02912,77
P02913,49
P02914,37
P02915,79
P02916,72
P02917,79
P02918,80
P02919,51
P02920,25
P02921,31
P02922,56
P02923,40
P02924,60
P02925,54
P02926,57
P02927,49
P02928,59
P02929,20
P02930,32
P02931,73
P02932,74
P02933,71
P02934,59
P02935,45
P02936,37
P02937,31
P02938,25
P02939,55
P02940,34
P02941,23
P02942,29
P02943,51
P02944,57
P02945,54
P02946,22
P02947,35
P02948,57
P02949,18
P02950,26
P02951,53
P02952,46
P02953,59
P02954,64
P02955,44
P02956,53
P02957,21
P02958,38
P02959,56
P02960,42
P02961,36
P02962,40
P02963,61
P02964,46
P02965,70
P02966,39
P02967,60
P02968,40
P02969,56
P02970,24
P02971,31
P02972,40
P02973,76
P02974,77
P02975,45
P02976,22
P02977,24
P02978,27
P02979,51
P02980,80
P02981,51
P02982,79
P02983,21
P02984,29
P02985,48
P02986,25
P02987,35
P02988,79
P02989,40
P02990,36
P02991,50
P02992,71
P02993,47
P02994,59
P02995,52
P02996,20
P02997,27
P02998,32
P02999,55
P03000,73
P03001,35
P03002,44
P03003,20
P03004,29
P03005,78
P03006,18
P03007,78
P03008,38
P03009,68
P03010,25
P03011,35
P03012,35
P03013,56
P03014,38
P03015,37
P03016,31
P03017,43
P03018,53
P03019,36
P03020,31
P03021,49
P03022,64
P03023,52
P03024,50
P03025,23
P03026,35
P03027,36
P03028,40
P03029,44
P03030,60
P03031,36
P03032,68
P03033,45
P03034,52
P03035,42
P03036,42
P03037,67
P03038,27
P03039,71
P03040,68
P03041,36
P03042,69
P03043,58
P03044,41
P03045,19
P03046,55
P03047,56
P03048,30
P03049,48
P03050,34
P03051,72
P03052,50
P03053,19
P03054,50
P03055,21
P03056,72
P03057,49
P03058,64
P03059,45
P03060,42
P03061,45
P03062,45
P03063,80
P03064,63
P03065,52
P03066,21
P03067,31
P03068,25
P03069,33
P03070,49
P03071,20
P03072,25
P03073,50
P03074,36
P03075,51
P03076,58
P03077,69
P03078,57
P03079,18
P03080,55
P03081,62
P03082,49
P03083,32
P03084,33
P03085,44
P03086,46
P03087,52
P03088,55
P03089,80
P03090,48
P03091,21
P03092,36
P03093,23
P03094,64
P03095,36
P03096,29
P03097,75
P03098,42
P03099,69
P03100,27
P03101,65
P03102,31
P03103,28
P03104,26
P03105,67
P03106,37
P03107,76
P03108,33
P03109,25
P03110,59
P03111,31
P03112,46
P03113,26
P03114,57
P03115,23
P03116,51
P03117,22
P03118,47
P03119,34
P03120,21
P03121,27
P03122,62
P03123,38
P03124,27
P03125,62
P03126,23
P03127,76
P03128,69
P03129,18
P03130,39
P03131,20
P03132,51
P03133,21
P03134,57
P03135,33
P03136,42
P03137,44
P03138,71
P03139,35
P03140,80
P03141,27
P03142,57
P03143,25
P03144,61
P03145,55
P03146,43
P03147,65
P03148,47
P03149,26
P03150,23
P03151,75
P03152,58
P03153,29
P03154,26
P03155,32
P03156,28
P03157,52
P03158,30
P03159,24
P03160,19
P03161,32
P03162,34
P03163,58
P03164,66
P03165,27
P03166,31
P03167,69
P03168,43
P03169,25
P03170,33
P03171,52
P03172,46
P03173,19
P03174,57
P03175,70
P03176,38
P03177,55
P03178,24
P03179,48
P03180,25
P03181,65
P03182,43
P03183,20
P03184,20
P03185,29
P03186,29
P03187,68
P03188,31
P03189,50
P03190,21
P03191,22
P03192,69
P03193,35
P03194,25
P03195,60
P03196,28
P03197,65
P03198,52
P03199,61
P03200,28
P03201,47
P03202,22
P03203,51
P03204,21
P03205,61
P03206,28
P03207,35
P03208,71
P03209,20
P03210,36
P03211,19
P03212,47
P03213,78
P03214,77
P03215,77
P03216,37
P03217,49
P03218,20
P03219,57
P03220,74
P03221,32
P03222,67
P03223,49
P03224,52
P03225,59
P03226,30
P03227,79
P03228,30
P03229,18
P03230,48
P03231,25
P03232,22
P03233,68
P03234,21
P03235,58
P03236,30
P03237,58
P03238,43
P03239,39
P03240,58
P03241,18
P03242,75
P03243,61
P03244,23
P03245,33
P03246,37
P03247,29
P03248,26
P03249,20
P03250,50
P03251,30
P03252,66
P03253,62
P03254,33
P03255,27
P03256,56
P03257,62
P03258,32
P03259,58
P03260,21
P03261,19
P03262,80
P03263,55
P03264,22
P03265,40
P03266,51
P03267,53
P03268,32
P03269,78
P03270,25
P03271,76
P03272,34
P03273,40
P03274,47
P03275,25
P03276,28
P03277,40
P03278,27
P03279,34
P03280,49
P03281,66
P03282,52
P03283,42
P03284,25
P03285,25
P03286,46
P03287,75
P03288,46
P03289,66
P03290,59
P03291,20
P03292,70
P03293,39
P03294,80
P03295,33
P03296,55
P03297,25
P03298,36
P03299,70
P03300,38
P03301,64
P03302,22
P03303,38
P03304,25
P03305,73
P03306,74
P03307,58
P03308,26
P03309,30
P03310,32
P03311,38
P03312,44
P03313,44
P03314,52
P03315,49
P03316,38
P03317,31
P03318,37
P03319,79
P03320,20
P03321,29
P03322,22
P03323,26
P03324,45
P03325,68
P03326,61
P03327,46
P03328,44
P03329,44
P03330,78
P03331,50
P03332,45
P03333,77
P03334,71
P03335,57
P03336,64
P03337,51
P03338,55
P03339,28
P03340,74
P03341,62
P03342,36
P03343,21
P03344,22
P03345,66
P03346,39
P03347,35
P03348,46
P03349,35
P03350,58
P03351,61
P03352,77
P03353,50
P03354,57
P03355,26
P03356,39
P03357,69
P03358,43
P03359,69
P03360,41
P03361,33
P03362,80
P03363,45
P03364,47
P03365,50
P03366,46
P03367,35
P03368,41
P03369,57
P03370,56
P03371,18
P03372,59
P03373,44
P03374,30
P03375,42
P03376,27
P03377,52
P03378,29
P03379,59
P03380,25
P03381,80
P03382,54
P03383,21
P03384,47
P03385,27
P03386,55
P03387,26
P03388,47
P03389,40
P03390,21
P03391,40
P03392,63
P03393,42
P03394,19
P03395,41
P03396,45
P03397,23
P03398,22
P03399,20
P03400,21
P03401,62
P03402,42
P03403,27
P03404,51
P03405,56
P03406,24
P03407,40
P03408,35
P03409,72
P03410,65
P03411,75
P03412,61
P03413,37
P03414,26
P03415,37
P03416,51
P03417,53
P03418,42
P03419,28
P03420,20
P03421,29
P03422,30
P03423,33
P03424,50
P03425,40
P03426,57
P03427,79
P03428,72
P03429,34
P03430,21
P03431,37
P03432,41
P03433,34
P03434,59
P03435,57
P03436,55
P03437,32
P03438,56
P03439,18
P03440,19
P03441,51
P03442,69
P03443,50
P03444,72
P03445,31
P03446,27
P03447,44
P03448,57
P03449,22
P03450,22
P03451,24
P03452,36
P03453,56
P03454,61
P03455,50
P03456,46
P03457,59
P03458,46
P03459,20
P03460,32
P03461,27
P03462,19
P03463,25
P03464,74
P03465,22
P03466,68
P03467,80
P03468,39
P03469,46
P03470,20
P03471,25
P03472,63
P03473,58
P03474,59
P03475,64
P03476,65
P03477,24
P03478,59
P03479,40
P03480,73
P03481,23
P03482,50
P03483,47
P03484,25
P03485,62
P03486,59
P03487,58
P03488,35
P03489,29
P03490,22
P03491,51
P03492,56
P03493,27
P03494,20
P03495,19
P03496,25
P03497,30
P03498,35
P03499,18
P03500,24
P03501,79
P03502,71
P03503,30
P03504,18
P03505,23
P03506,55
P03507,57
P03508,52
P03509,26
P03510,22
P03511,56
P03512,63
P03513,24
P03514,58
P03515,57
P03516,58
P03517,73
P03518,66
P03519,36
P03520,44
P03521,19
P03522,21
P03523,30
P03524,78
P03525,35
P03526,47
P03527,50
P03528,47
P03529,60
P03530,25
P03531,32
P03532,62
P03533,78
P03534,24
P03535,25
P03536,51
P03537,45
P03538,29
P03539,76
P03540,33
P03541,69
P03542,42
P03543,78
P03544,69
P03545,49
P03546,29
P03547,31
P03548,29
P03549,37
P03550,42
P03551,30
P03552,28
P03553,52
P03554,32
P03555,18
P03556,37
P03557,20
P03558,51
P03559,49
P03560,35
P03561,45
P03562,72
P03563,22
P03564,44
P03565,80
P03566,75
P03567,57
P03568,32
P03569,45
P03570,33
P03571,53
P03572,36
P03573,49
P03574,53
P03575,57
P03576,54
P03577,51
P03578,29
P03579,64
P03580,21
P03581,22
P03582,46
P03583,50
P03584,38
P03585,27
P03586,30
P03587,29
P03588,74
P03589,56
P03590,69
P03591,43
P03592,51
P03593,37
P03594,77
P03595,35
P03596,55
P03597,50
P03598,68
P03599,37
P03600,42
P03601,22
P03602,21
P03603,38
P03604,21
P03605,34
P03606,22
P03607,66
P03608,75
P03609,69
P03610,43
P03611,63
P03612,54
P03613,76
P03614,38
P03615,27
P03616,22
P03617,71
P03618,75
P03619,30
P03620,31
P03621,46
P03622,64
P03623,53
P03624,34
P03625,67
P03626,69
P03627,36
P03628,19
P03629,63
P03630,50
P03631,53
P03632,61
P03633,71
P03634,26
P03635,53
P03636,19
P03637,64
P03638,34
P03639,62
P03640,72
P03641,41
P03642,66
P03643,32
P03644,46
P03645,51
P03646,22
P03647,52
P03648,28
P03649,71
P03650,51
P03651,20
P03652,71
P03653,21
P03654,23
P03655,34
P03656,27
P03657,29
P03658,37
P03659,69
P03660,73
P03661,41
P03662,68
P03663,33
P03664,36
P03665,71
P03666,39
P03667,54
P03668,38
P03669,39
P03670,37
P03671,58
P03672,24
P03673,31
P03674,52
P03675,26
P03676,34
P03677,41
P03678,25
P03679,23
P03680,76
P03681,71
P03682,77
P03683,58
P03684,69
P03685,73
P03686,67
P03687,40
P03688,23
P03689,42
P03690,36
P03691,51
P03692,57
P03693,21
P03694,76
P03695,18
P03696,44
P03697,58
P03698,33
P03699,44
P03700,46
P03701,38
P03702,23
P03703,68
P03704,62
P03705,32
P03706,31
P03707,44
P03708,18
P03709,44
P03710,31
P03711,19
P03712,56
P03713,23
P03714,44
P03715,43
P03716,37
P03717,44
P03718,39
P03719,27
P03720,34
P03721,74
P03722,76
P03723,38
P03724,30
P03725,29
P03726,28
P03727,40
P03728,41
P03729,43
P03730,29
P03731,30
P03732,76
P03733,57
P03734,36
P03735,24
P03736,18
P03737,34
P03738,58
P03739,69
P03740,62
P03741,46
P03742,63
P03743,24
P03744,47
P03745,24
P03746,31
P03747,29
P03748,30
P03749,52
P03750,20
P03751,68
P03752,30
P03753,32
P03754,26
P03755,40
P03756,41
P03757,76
P03758,26
P03759,22
P03760,27
P03761,38
P03762,34
P03763,44
P03764,38
P03765,55
P03766,43
P03767,34
P03768,53
P03769,35
P03770,77
P03771,23
P03772,69
P03773,24
P03774,27
P03775,26
P03776,43
P03777,71
P03778,39
P03779,28
P03780,40
P03781,56
P03782,22
P03783,72
P03784,24
P03785,27
P03786,43
P03787,28
P03788,23
P03789,58
P03790,42
P03791,22
P03792,67
P03793,22
P03794,34
P03795,54
P03796,76
P03797,29
P03798,51
P03799,71
P03800,70
P03801,50
P03802,26
P03803,50
P03804,64
P03805,40
P03806,54
P03807,50
P03808,78
P03809,48
P03810,47
P03811,60
P03812,35
P03813,48
P03814,34
P03815,20
P03816,56
P03817,57
P03818,68
P03819,51
P03820,65
P03821,29
P03822,80
P03823,57
P03824,49
P03825,71
P03826,64
P03827,69
P03828,27
P03829,30
P03830,72
P03831,32
P03832,63
P03833,39
P03834,39
P03835,64
P03836,31
P03837,51
P03838,62
P03839,32
P03840,44
P03841,48
P03842,44
P03843,44
P03844,36
P03845,67
P03846,73
P03847,21
P03848,50
P03849,61
P03850,33
P03851,48
P03852,70
P03853,78
P03854,32
P03855,49
P03856,25
P03857,58
P03858,41
P03859,78
P03860,52
P03861,28
P03862,28
P03863,45
P03864,66
P03865,35
P03866,55
P03867,36
P03868,34
P03869,23
P03870,49
P03871,33
P03872,23
P03873,74
P03874,34
P03875,19
P03876,56
P03877,38
P03878,53
P03879,29
P03880,26
P03881,21
P03882,50
P03883,69
P03884,36
P03885,73
P03886,40
P03887,24
P03888,44
P03889,44
P03890,32
P03891,78
P03892,28
P03893,35
P03894,20
P03895,35
P03896,32
P03897,75
P03898,31
P03899,46
P03900,48
P03901,55
P03902,69
P03903,31
P03904,29
P03905,40
P03906,46
P03907,43
P03908,75
P03909,37
P03910,27
P03911,35
P03912,40
P03913,50
P03914,50
P03915,41
P03916,40
P03917,74
P03918,58
P03919,39
P03920,30
P03921,35
P03922,35
P03923,67
P03924,46
P03925,28
P03926,28
P03927,56
P03928,18
P03929,37
P03930,27
P03931,71
P03932,76
P03933,47
P03934,31
P03935,46
P03936,24
P03937,66
P03938,70
P03939,79
P03940,26
P03941,66
P03942,36
P03943,29
P03944,55
P03945,63
P03946,30
P03947,80
P03948,38
P03949,27
P03950,26
P03951,21
P03952,58
P03953,68
P03954,19
P03955,52
P03956,44
P03957,45
P03958,77
P03959,64
P03960,67
P03961,36
P03962,72
P03963,24
P03964,42
P03965,41
P03966,25
P03967,56
P03968,69
P03969,47
P03970,60
P03971,42
P03972,79
P03973,73
P03974,20
P03975,22
P03976,58
P03977,28
P03978,21
P03979,79
P03980,63
P03981,64
P03982,46
P03983,59
P03984,28
P03985,67
P03986,48
P03987,31
P03988,21
P03989,21
P03990,45
P03991,30
P03992,34
P03993,20
P03994,25
P03995,28
P03996,19
P03997,40
P03998,56
P03999,55
P04000,18
P04001,32
P04002,77
P04003,45
P04004,43
P04005,37
P04006,26
P04007,65
P04008,27
P04009,40
P04010,66
P04011,24
P04012,64
P04013,18
P04014,62
P04015,59
P04016,46
P04017,54
P04018,72
P04019,68
P04020,38
P04021,71
P04022,57
P04023,22
P04024,33
P04025,39
P04026,70
P04027,24
P04028,44
P04029,46
P04030,42
P04031,24
P04032,79
P04033,74
P04034,52
P04035,42
P04036,20
P04037,64
P04038,20
P04039,72
P04040,37
P04041,58
P04042,18
P04043,35
P04044,43
P04045,18
P04046,55
P04047,61
P04048,61
P04049,59
P04050,51
P04051,46
P04052,63
P04053,60
P04054,51
P04055,45
P04056,21
P04057,78
P04058,31
P04059,76
P04060,80
P04061,37
P04062,44
P04063,51
P04064,46
P04065,24
P04066,31
P04067,18
P04068,55
P04069,32
P04070,63
P04071,27
P04072,74
P04073,35
P04074,69
P04075,41
P04076,59
P04077,38
P04078,54
P04079,78
P04080,44
P04081,38
P04082,58
P04083,39
P04084,22
P04085,18
P04086,68
P04087,18
P04088,52
P04089,44
P04090,38
P04091,68
P04092,50
P04093,50
P04094,35
P04095,21
P04096,45
P04097,51
P04098,20
P04099,28
P04100,63
P04101,19
P04102,42
P04103,51
P04104,56
P04105,29
P04106,25
P04107,24
P04108,43
P04109,29
P04110,68
P04111,62
P04112,20
P04113,76
P04114,59
P04115,37
P04116,49
P04117,35
P04118,45
P04119,31
P04120,67
P04121,28
P04122,69
P04123,41
P04124,23
P04125,27
P04126,37
P04127,26
P04128,51
P04129,29
P04130,29
P04131,69
P04132,19
P04133,51
P04134,30
P04135,32
P04136,73
P04137,18
P04138,60
P04139,33
P04140,80
P04141,34
P04142,54
P04143,19
P04144,30
P04145,49
P04146,27
P04147,26
P04148,58
P04149,19
P04150,58
P04151,69
P04152,46
P04153,38
P04154,21
P04155,69
P04156,50
P04157,25
P04158,46
P04159,29
P04160,25
P04161,55
P04162,36
P04163,37
P04164,49
P04165,37
P04166,28
P04167,53
P04168,19
P04169,45
P04170,50
P04171,40
P04172,37
P04173,28
P04174,41
P04175,70
P04176,43
P04177,29
P04178,27
P04179,41
P04180,46
P04181,57
P04182,25
P04183,26
P04184,40
P04185,24
P04186,41
P04187,33
P04188,64
P04189,35
P04190,20
P04191,79
P04192,59
P04193,60
P04194,61
P04195,28
P04196,46
P04197,25
P04198,39
P04199,25
P04200,47
P04201,51
P04202,63
P04203,34
P04204,46
P04205,77
P04206,40
P04207,22
P04208,76
P04209,24
P04210,33
P04211,56
P04212,59
P04213,25
P04214,19
P04215,33
P04216,70
P04217,76
P04218,20
P04219,22
P04220,43
P04221,36
P04222,39
P04223,49
P04224,42
P04225,72
P04226,27
P04227,71
P04228,41
P04229,30
P04230,31
P04231,79
P04232,45
P04233,59
P04234,28
P04235,21
P04236,23
P04237,35
P04238,33
P04239,64
P04240,26
P04241,34
P04242,44
P04243,26
P04244,40
P04245,22
P04246,40
P04247,65
P04248,45
P04249,51
P04250,56
P04251,55
P04252,63
P04253,65
P04254,38
P04255,56
P04256,58
P04257,69
P04258,64
P04259,27
P04260,20
P04261,55
P04262,48
P04263,76
P04264,44
P04265,18
P04266,47
P04267,49
P04268,20
P04269,30
P04270,74
P04271,23
P04272,33
P04273,60
P04274,56
P04275,65
P04276,28
P04277,60
P04278,18
P04279,54
P04280,20
P04281,19
P04282,49
P04283,59
P04284,26
P04285,33
P04286,50
P04287,46
P04288,32
P04289,36
P04290,55
P04291,72
P04292,26
P04293,35
P04294,28
P04295,61
P04296,61
P04297,76
P04298,30
P04299,35
P04300,59
P04301,78
P04302,34
P04303,79
P04304,23
P04305,61
P04306,22
P04307,38
P04308,40
P04309,58
P04310,59
P04311,63
P04312,50
P04313,18
P04314,69
P04315,78
P04316,29
P04317,32
P04318,35
P04319,37
P04320,24
P04321,42
P04322,29
P04323,55
P04324,64
P04325,47
P04326,65
P04327,41
P04328,53
P04329,50
P04330,63
P04331,59
P04332,38
P04333,44
P04334,26
P04335,33
P04336,49
P04337,50
P04338,25
P04339,34
P04340,34
P04341,36
P04342,31
P04343,76
P04344,75
P04345,21
P04346,26
P04347,32
P04348,41
P04349,63
P04350,24
P04351,42
P04352,41
P04353,48
P04354,35
P04355,54
P04356,33
P04357,59
P04358,43
P04359,64
P04360,33
P04361,55
P04362,27
P04363,48
P04364,57
P04365,75
P04366,37
P04367,44
P04368,25
P04369,24
P04370,36
P04371,34
P04372,21
P04373,69
P04374,49
P04375,41
P04376,48
P04377,18
P04378,74
P04379,50
P04380,73
P04381,44
P04382,33
P04383,27
P04384,45
P04385,73
P04386,34
P04387,55
P04388,42
P04389,76
P04390,48
P04391,49
P04392,21
P04393,63
P04394,66
P04395,44
P04396,25
P04397,71
P04398,60
P04399,23
P04400,34
P04401,79
P04402,57
P04403,70
P04404,77
P04405,36
P04406,43
P04407,64
P04408,70
P04409,38
P04410,75
P04411,20
P04412,22
P04413,31
P04414,25
P04415,21
P04416,24
P04417,46
P04418,25
P04419,29
P04420,34
P04421,38
P04422,45
P04423,23
P04424,58
P04425,48
P04426,66
P04427,33
P04428,39
P04429,28
P04430,27
P04431,62
P04432,23
P04433,27
P04434,68
P04435,43
P04436,72
P04437,38
P04438,20
P04439,19
P04440,23
P04441,56
P04442,54
P04443,24
P04444,76
P04445,60
P04446,43
P04447,43
P04448,50
P04449,59
P04450,59
P04451,36
P04452,18
P04453,55
P04454,33
P04455,62
P04456,53
P04457,18
P04458,26
P04459,47
P04460,51
P04461,56
P04462,44
P04463,55
P04464,27
P04465,41
P04466,45
P04467,72
P04468,54
P04469,59
P04470,46
P04471,46
P04472,77
P04473,56
P04474,70
P04475,19
P04476,68
P04477,54
P04478,38
P04479,44
P04480,38
P04481,73
P04482,66
P04483,32
P04484,77
P04485,79
P04486,52
P04487,27
P04488,38
P04489,57
P04490,64
P04491,20
P04492,39
P04493,44
P04494,38
P04495,72
P04496,77
P04497,50
P04498,37
P04499,25
P04500,21
P04501,36
P04502,20
P04503,47
P04504,32
P04505,24
P04506,31
P04507,29
P04508,21
P04509,33
P04510,50
P04511,62
P04512,61
P04513,47
P04514,19
P04515,47
P04516,48
P04517,18
P04518,79
P04519,45
P04520,78
P04521,41
P04522,23
P04523,63
P04524,45
P04525,32
P04526,33
P04527,38
P04528,28
P04529,75
P04530,50
P04531,67
P04532,38
P04533,65
P04534,23
P04535,59
P04536,19
P04537,26
P04538,74
P04539,54
P04540,37
P04541,35
P04542,34
P04543,26
P04544,55
P04545,29
P04546,34
P04547,27
P04548,43
P04549,78
P04550,63
P04551,27
P04552,32
P04553,41
P04554,20
P04555,30
P04556,24
P04557,31
P04558,33
P04559,18
P04560,64
P04561,24
P04562,61
P04563,18
P04564,28
P04565,44
P04566,59
P04567,47
P04568,33
P04569,19
P04570,60
P04571,38
P04572,30
P04573,73
P04574,33
P04575,37
P04576,64
P04577,43
P04578,29
P04579,29
P04580,49
P04581,48
P04582,27
P04583,29
P04584,47
P04585,63
P04586,44
P04587,18
P04588,18
P04589,58
P04590,38
P04591,59
P04592,50
P04593,42
P04594,22
P04595,79
P04596,41
P04597,65
P04598,54
P04599,77
P04600,27
P04601,80
P04602,42
P04603,42
P04604,21
P04605,18
P04606,24
P04607,20
P04608,23
P04609,57
P04610,23
P04611,43
P04612,25
P04613,50
P04614,42
P04615,36
P04616,43
P04617,35
P04618,44
P04619,58
P04620,38
P04621,58
P04622,33
P04623,29
P04624,23
P04625,35
P04626,21
P04627,57
P04628,73
P04629,42
P04630,59
P04631,34
P04632,69
P04633,58
P04634,23
P04635,73
P04636,51
P04637,38
P04638,69
P04639,26
P04640,76
P04641,69
P04642,34
P04643,34
P04644,60
P04645,56
P04646,79
P04647,39
P04648,57
P04649,38
P04650,42
P04651,62
P04652,19
P04653,44
P04654,54
P04655,19
P04656,34
P04657,21
P04658,45
P04659,46
P04660,39
P04661,31
P04662,41
P04663,69
P04664,74
P04665,21
P04666,72
P04667,40
P04668,48
P04669,61
P04670,30
P04671,42
P04672,22
P04673,42
P04674,73
P04675,44
P04676,73
P04677,48
P04678,56
P04679,51
P04680,42
P04681,28
P04682,54
P04683,33
P04684,76
P04685,27
P04686,45
P04687,20
P04688,47
P04689,46
P04690,72
P04691,36
P04692,40
P04693,27
P04694,33
P04695,54
P04696,31
P04697,29
P04698,23
P04699,34
P04700,44
P04701,78
P04702,51
P04703,45
P04704,41
P04705,47
P04706,43
P04707,51
P04708,27
P04709,35
P04710,47
P04711,19
P04712,53
P04713,23
P04714,63
P04715,26
P04716,31
P04717,18
P04718,58
P04719,26
P04720,19
P04721,33
P04722,37
P04723,54
P04724,32
P04725,54
P04726,28
P04727,72
P04728,54
P04729,27
P04730,70
P04731,68
P04732,29
P04733,74
P04734,30
P04735,30
P04736,20
P04737,68
P04738,18
P04739,63
P04740,63
P04741,62
P04742,45
P04743,38
P04744,76
P04745,46
P04746,47
P04747,72
P04748,58
P04749,41
P04750,30
P04751,42
P04752,36
P04753,57
P04754,52
P04755,70
P04756,55
P04757,40
P04758,59
P04759,34
P04760,76
P04761,46
P04762,42
P04763,68
P04764,32
P04765,75
P04766,23
P04767,44
P04768,23
P04769,39
P04770,42
P04771,33
P04772,34
P04773,52
P04774,21
P04775,44
P04776,37
P04777,21
P04778,37
P04779,39
P04780,70
P04781,23
P04782,23
P04783,71
P04784,66
P04785,50
P04786,45
P04787,61
P04788,41
P04789,27
P04790,74
P04791,70
P04792,33
P04793,31
P04794,41
P04795,67
P04796,20
P04797,19
P04798,60
P04799,48
P04800,76
P04801,29
P04802,35
P04803,44
P04804,39
P04805,18
P04806,42
P04807,56
P04808,29
P04809,51
P04810,48
P04811,18
P04812,30
P04813,60
P04814,26
P04815,40
P04816,23
P04817,72
P04818,47
P04819,25
P04820,53
P04821,51
P04822,21
P04823,55
P04824,34
P04825,57
P04826,28
P04827,29
P04828,25
P04829,38
P04830,51
P04831,61
P04832,53
P04833,25
P04834,31
P04835,28
P04836,33
P04837,59
P04838,47
P04839,69
P04840,22
P04841,57
P04842,76
P04843,35
P04844,33
P04845,26
P04846,42
P04847,74
P04848,24
P04849,36
P04850,41
P04851,77
P04852,49
P04853,57
P04854,47
P04855,44
P04856,64
P04857,30
P04858,61
P04859,37
P04860,33
P04861,30
P04862,45
P04863,30
P04864,58
P04865,59
P04866,50
P04867,18
P04868,29
P04869,42
P04870,49
P04871,52
P04872,23
P04873,31
P04874,55
P04875,71
P04876,51
P04877,50
P04878,29
P04879,47
P04880,42
P04881,42
P04882,29
P04883,58
P04884,35
P04885,39
P04886,27
P04887,32
P04888,50
P04889,33
P04890,34
P04891,25
P04892,71
P04893,59
P04894,32
P04895,50
P04896,18
P04897,69
P04898,75
P04899,54
P04900,50
P04901,30
P04902,62
P04903,20
P04904,55
P04905,49
P04906,41
P04907,39
P04908,51
P04909,25
P04910,54
P04911,59
P04912,45
P04913,39
P04914,63
P04915,36
P04916,44
P04917,37
P04918,24
P04919,72
P04920,50
P04921,25
P04922,24
P04923,63
P04924,47
P04925,27
P04926,41
P04927,29
P04928,58
P04929,37
P04930,32
P04931,34
P04932,77
P04933,32
P04934,23
P04935,66
P04936,35
P04937,43
P04938,47
P04939,21
P04940,35
P04941,78
P04942,28
P04943,58
P04944,29
P04945,66
P04946,20
P04947,55
P04948,53
P04949,22
P04950,25
P04951,57
P04952,23
P04953,29
P04954,19
P04955,53
P04956,51
P04957,43
P04958,38
P04959,52
P04960,64
P04961,74
P04962,42
P04963,77
P04964,80
P04965,56
P04966,36
P04967,48
P04968,55
P04969,49
P04970,56
P04971,39
P04972,34
P04973,30
P04974,25
P04975,44
P04976,68
P04977,46
P04978,55
P04979,64
P04980,36
P04981,32
P04982,53
P04983,60
P04984,63
P04985,19
P04986,23
P04987,28
P04988,62
P04989,32
P04990,42
P04991,33
P04992,72
P04993,39
P04994,51
P04995,76
P04996,42
P04997,26
P04998,44
P04999,70
P05000,65
P05001,32
P05002,42
P05003,29
P05004,47
P05005,72
P05006,72
P05007,26
P05008,47
P05009,24
P05010,47
P05011,57
P05012,75
P05013,18
P05014,68
P05015,63
P05016,66
P05017,34
P05018,38
P05019,24
P05020,77
P05021,48
P05022,68
P05023,23
P05024,71
P05025,59
P05026,64
P05027,59
P05028,30
P05029,59
P05030,48
P05031,52
P05032,35
P05033,39
P05034,24
P05035,58
P05036,63
P05037,34
P05038,18
P05039,68
P05040,57
P05041,44
P05042,55
P05043,34
P05044,64
P05045,54
P05046,70
P05047,35
P05048,58
P05049,41
P05050,67
P05051,63
P05052,27
P05053,62
P05054,72
P05055,64
P05056,58
P05057,27
P05058,31
P05059,43
P05060,52
P05061,75
P05062,36
P05063,78
P05064,45
P05065,23
P05066,26
P05067,42
P05068,61
P05069,19
P05070,22
P05071,40
P05072,22
P05073,41
P05074,79
P05075,48
P05076,75
P05077,77
P05078,70
P05079,67
P05080,34
P05081,53
P05082,58
P05083,49
P05084,50
P05085,32
P05086,27
P05087,33
P05088,34
P05089,18
P05090,67
P05091,46
P05092,43
P05093,54
P05094,20
P05095,20
P05096,61
P05097,25
P05098,74
P05099,20
P05100,78
P05101,24
P05102,31
P05103,49
P05104,53
P05105,28
P05106,68
P05107,18
P05108,27
P05109,79
P05110,24
P05111,53
P05112,59
P05113,28
P05114,53
P05115,41
P05116,42
P05117,31
P05118,45
P05119,37
P05120,40
P05121,34
P05122,28
P05123,47
P05124,72
P05125,25
P05126,30
P05127,23
P05128,25
P05129,45
P05130,75
P05131,43
P05132,56
P05133,55
P05134,39
P05135,56
P05136,22
P05137,22
P05138,38
P05139,26
P05140,22
P05141,63
P05142,60
P05143,44
P05144,37
P05145,48
P05146,77
P05147,78
P05148,21
P05149,18
P05150,28
P05151,49
P05152,59
P05153,50
P05154,56
P05155,80
P05156,44
P05157,34
P05158,65
P05159,61
P05160,20
P05161,28
P05162,63
P05163,32
P05164,60
P05165,18
P05166,42
P05167,24
P05168,80
P05169,59
P05170,25
P05171,74
P05172,24
P05173,48
P05174,77
P05175,75
P05176,28
P05177,31
P05178,22
P05179,33
P05180,36
P05181,23
P05182,19
P05183,61
P05184,68
P05185,18
P05186,25
P05187,30
P05188,62
P05189,64
P05190,78
P05191,31
P05192,49
P05193,45
P05194,59
P05195,62
P05196,79
P05197,30
P05198,35
P05199,20
P05200,38
P05201,27
P05202,52
P05203,27
P05204,64
P05205,19
P05206,50
P05207,20
P05208,72
P05209,28
P05210,37
P05211,21
P05212,47
P05213,60
P05214,38
P05215,80
P05216,67
P05217,24
P05218,36
P05219,71
P05220,22
P05221,54
P05222,50
P05223,47
P05224,35
P05225,66
P05226,45
P05227,47
P05228,61
P05229,57
P05230,20
P05231,77
P05232,18
P05233,41
P05234,42
P05235,38
P05236,61
P05237,20
P05238,29
P05239,54
P05240,29
P05241,37
P05242,32
P05243,46
P05244,31
P05245,55
P05246,42
P05247,51
P05248,27
P05249,23
P05250,49
P05251,67
P05252,41
P05253,68
P05254,42
P05255,32
P05256,33
P05257,23
P05258,41
P05259,35
P05260,78
P05261,42
P05262,57
P05263,37
P05264,45
P05265,34
P05266,24
P05267,38
P05268,53
P05269,58
P05270,34
P05271,45
P05272,27
P05273,75
P05274,50
P05275,45
P05276,50
P05277,18
P05278,28
P05279,57
P05280,20
P05281,22
P05282,35
P05283,43
P05284,30
P05285,59
P05286,51
P05287,32
P05288,76
P05289,36
P05290,27
P05291,77
P05292,20
P05293,25
P05294,57
P05295,29
P05296,65
P05297,22
P05298,20
P05299,41
P05300,69
P05301,20
P05302,68
P05303,25
P05304,22
P05305,21
P05306,39
P05307,75
P05308,45
P05309,19
P05310,41
P05311,74
P05312,24
P05313,80
P05314,52
P05315,42
P05316,33
P05317,26
P05318,48
P05319,19
P05320,37
P05321,27
P05322,40
P05323,29
P05324,33
P05325,70
P05326,50
P05327,52
P05328,64
P05329,71
P05330,57
P05331,38
P05332,43
P05333,63
P05334,77
P05335,57
P05336,49
P05337,19
P05338,25
P05339,32
P05340,59
P05341,79
P05342,22
P05343,21
P05344,47
P05345,57
P05346,43
P05347,50
P05348,57
P05349,50
P05350,23
P05351,42
P05352,27
P05353,57
P05354,41
P05355,54
P05356,62
P05357,47
P05358,28
P05359,29
P05360,43
P05361,78
P05362,51
P05363,21
P05364,44
P05365,74
P05366,37
P05367,54
P05368,62
P05369,49
P05370,58
P05371,32
P05372,59
P05373,44
P05374,78
P05375,52
P05376,33
P05377,46
P05378,36
P05379,44
P05380,26
P05381,26
P05382,44
P05383,41
P05384,19
P05385,18
P05386,29
P05387,69
P05388,24
P05389,57
P05390,37
P05391,37
P05392,42
P05393,18
P05394,56
P05395,40
P05396,50
P05397,50
P05398,79
P05399,43
P05400,45
P05401,65
P05402,71
P05403,25
P05404,58
P05405,42
P05406,31
P05407,28
P05408,45
P05409,62
P05410,79
P05411,49
P05412,65
P05413,41
P05414,68
P05415,47
P05416,34
P05417,21
P05418,20
P05419,58
P05420,36
P05421,44
P05422,36
P05423,60
P05424,62
P05425,43
P05426,33
P05427,28
P05428,50
P05429,65
P05430,52
P05431,34
P05432,29
P05433,44
P05434,31
P05435,46
P05436,76
P05437,23
P05438,39
P05439,33
P05440,23
P05441,20
P05442,42
P05443,56
P05444,22
P05445,41
P05446,37
P05447,45
P05448,29
P05449,74
P05450,23
P05451,37
P05452,56
P05453,53
P05454,76
P05455,60
P05456,26
P05457,47
P05458,32
P05459,51
P05460,63
P05461,79
P05462,42
P05463,71
P05464,51
P05465,19
P05466,57
P05467,42
P05468,22
P05469,50
P05470,29
P05471,37
P05472,51
P05473,54
P05474,23
P05475,34
P05476,67
P05477,67
P05478,56
P05479,49
P05480,52
P05481,59
P05482,63
P05483,70
P05484,34
P05485,56
P05486,36
P05487,32
P05488,25
P05489,28
P05490,52
P05491,22
P05492,40
P05493,43
P05494,48
P05495,21
P05496,23
P05497,65
P05498,27
P05499,25
P05500,19
P05501,41
P05502,35
P05503,21
P05504,20
P05505,25
P05506,79
P05507,60
P05508,75
P05509,36
P05510,43
P05511,47
P05512,28
P05513,54
P05514,28
P05515,28
P05516,46
P05517,67
P05518,19
P05519,56
P05520,40
P05521,77
P05522,66
P05523,25
P05524,19
P05525,27
P05526,19
P05527,38
P05528,35
P05529,34
P05530,58
P05531,29
P05532,20
P05533,70
P05534,19
P05535,66
P05536,20
P05537,23
P05538,27
P05539,48
P05540,26
P05541,26
P05542,29
P05543,26
P05544,76
P05545,20
P05546,54
P05547,63
P05548,76
P05549,50
P05550,25
P05551,53
P05552,25
P05553,45
P05554,26
P05555,22
P05556,26
P05557,31
P05558,29
P05559,77
P05560,37
P05561,33
P05562,20
P05563,43
P05564,25
P05565,25
P05566,43
P05567,42
P05568,32
P05569,31
P05570,35
P05571,29
P05572,48
P05573,27
P05574,59
P05575,29
P05576,75
P05577,35
P05578,34
P05579,47
P05580,72
P05581,52
P05582,28
P05583,31
P05584,55
P05585,18
P05586,66
P05587,29
P05588,51
P05589,50
P05590,34
P05591,32
P05592,21
P05593,74
P05594,20
P05595,22
P05596,52
P05597,29
P05598,58
P05599,28
P05600,58
P05601,79
P05602,46
P05603,79
P05604,38
P05605,35
P05606,73
P05607,65
P05608,23
P05609,20
P05610,31
P05611,21
P05612,50
P05613,22
P05614,34
P05615,71
P05616,28
P05617,43
P05618,18
P05619,59
P05620,21
P05621,37
P05622,57
P05623,39
P05624,72
P05625,53
P05626,49
P05627,41
P05628,59
P05629,65
P05630,71
P05631,26
P05632,29
P05633,48
P05634,77
P05635,55
P05636,27
P05637,78
P05638,33
P05639,38
P05640,54
P05641,18
P05642,53
P05643,60
P05644,56
P05645,52
P05646,73
P05647,29
P05648,33
P05649,27
P05650,56
P05651,65
P05652,62
P05653,28
P05654,62
P05655,59
P05656,18
P05657,46
P05658,40
P05659,46
P05660,77
P05661,57
P05662,65
P05663,63
P05664,77
P05665,53
P05666,59
P05667,59
P05668,56
P05669,34
P05670,19
P05671,63
P05672,39
P05673,30
P05674,69
P05675,54
P05676,49
P05677,44
P05678,29
P05679,55
P05680,21
P05681,35
P05682,54
P05683,39
P05684,57
P05685,40
P05686,51
P05687,75
P05688,78
P05689,32
P05690,38
P05691,52
P05692,41
P05693,75
P05694,51
P05695,64
P05696,22
P05697,56
P05698,68
P05699,59
P05700,40
P05701,19
P05702,40
P05703,30
P05704,25
P05705,38
P05706,47
P05707,27
P05708,40
P05709,57
P05710,22
P05711,76
P05712,32
P05713,56
P05714,59
P05715,66
P05716,54
P05717,18
P05718,31
P05719,32
P05720,72
P05721,59
P05722,47
P05723,44
P05724,35
P05725,33
P05726,35
P05727,65
P05728,28
P05729,63
P05730,30
P05731,49
P05732,38
P05733,56
P05734,78
P05735,24
P05736,23
P05737,20
P05738,19
P05739,27
P05740,24
P05741,35
P05742,29
P05743,24
P05744,42
P05745,32
P05746,29
P05747,57
P05748,34
P05749,73
P05750,36
P05751,20
P05752,60
P05753,52
P05754,33
P05755,21
P05756,53
P05757,80
P05758,42
P05759,65
P05760,59
P05761,38
P05762,79
P05763,35
P05764,68
P05765,40
P05766,53
P05767,26
P05768,45
P05769,40
P05770,33
P05771,28
P05772,18
P05773,64
P05774,43
P05775,29
P05776,40
P05777,50
P05778,45
P05779,59
P05780,46
P05781,20
P05782,78
P05783,52
P05784,26
P05785,37
P05786,31
P05787,38
P05788,72
P05789,18
P05790,72
P05791,38
P05792,38
P05793,62
P05794,18
P05795,78
P05796,47
P05797,41
P05798,38
P05799,18
P05800,67
P05801,50
P05802,38
P05803,37
P05804,40
P05805,53
P05806,30
P05807,27
P05808,32
P05809,42
P05810,23
P05811,76
P05812,60
P05813,61
P05814,54
P05815,32
P05816,61
P05817,55
P05818,30
P05819,27
P05820,26
P05821,56
P05822,77
P05823,26
P05824,19
P05825,22
P05826,57
P05827,44
P05828,36
P05829,49
P05830,45
P05831,54
P05832,43
P05833,50
P05834,37
P05835,80
P05836,46
P05837,67
P05838,33
P05839,70
P05840,29
P05841,71
P05842,73
P05843,50
P05844,76
P05845,27
P05846,35
P05847,31
P05848,59
P05849,27
P05850,52
P05851,36
P05852,36
P05853,79
P05854,35
P05855,24
P05856,29
P05857,38
P05858,41
P05859,58
P05860,21
P05861,47
P05862,54
P05863,45
P05864,21
P05865,56
P05866,63
P05867,61
P05868,26
P05869,18
P05870,62
P05871,29
P05872,36
P05873,64
P05874,56
P05875,22
P05876,71
P05877,32
P05878,50
P05879,28
P05880,32
P05881,42
P05882,42
P05883,31
P05884,23
P05885,54
P05886,37
P05887,72
P05888,73
P05889,49
P05890,76
P05891,22
P05892,46
P05893,47
P05894,80
P05895,27
P05896,30
P05897,62
P05898,26
P05899,38
P05900,45
P05901,51
P05902,51
P05903,76
P05904,61
P05905,55
P05906,20
P05907,58
P05908,52
P05909,63
P05910,60
P05911,39
P05912,71
P05913,33
P05914,76
P05915,41
P05916,19
P05917,51
P05918,67
P05919,34
P05920,57
P05921,55
P05922,76
P05923,35
P05924,44
P05925,45
P05926,80
P05927,72
P05928,32
P05929,43
P05930,41
P05931,62
P05932,51
P05933,20
P05934,26
P05935,43
P05936,51
P05937,38
P05938,77
P05939,73
P05940,29
P05941,46
P05942,26
P05943,38
P05944,44
P05945,77
P05946,37
P05947,35
P05948,42
P05949,26
P05950,57
P05951,37
P05952,19
P05953,56
P05954,57
P05955,26
P05956,53
P05957,58
P05958,41
P05959,59
P05960,39
P05961,19
P05962,36
P05963,43
P05964,46
P05965,70
P05966,50
P05967,61
P05968,66
P05969,18
P05970,31
P05971,73
P05972,19
P05973,22
P05974,42
P05975,42
P05976,51
P05977,44
P05978,59
P05979,26
P05980,72
P05981,59
P05982,68
P05983,69
P05984,66
P05985,63
P05986,44
P05987,54
P05988,71
P05989,62
P05990,47
P05991,18
P05992,29
P05993,80
P05994,34
P05995,35
P05996,22
P05997,80
P05998,79
P05999,74
P06000,44
P06001,44
P06002,34
P06003,72
P06004,61
P06005,30
P06006,18
P06007,22
P06008,50
P06009,41
P06010,52
P06011,47
P06012,68
P06013,37
P06014,63
P06015,33
P06016,49
P06017,65
P06018,20
P06019,33
P06020,22
P06021,57
P06022,38
P06023,80
P06024,25
P06025,71
P06026,42
P06027,20
P06028,22
P06029,76
P06030,52
P06031,77
P06032,67
P06033,38
P06034,23
P06035,76
P06036,65
P06037,69
P06038,24
P06039,49
P06040,19
P06041,62
P06042,26
P06043,55
P06044,27
P06045,20
P06046,50
P06047,29
P06048,47
P06049,36
P06050,53
P06051,23
P06052,42
P06053,27
P06054,25
P06055,36
P06056,25
P06057,20
P06058,27
P06059,52
P06060,57
P06061,77
P06062,65
P06063,29
P06064,68
P06065,62
P06066,48
P06067,24
P06068,38
P06069,75
P06070,61
P06071,43
P06072,59
P06073,48
P06074,54
P06075,58
P06076,33
P06077,24
P06078,40
P06079,76
P06080,68
P06081,42
P06082,75
P06083,23
P06084,45
P06085,44
P06086,27
P06087,71
P06088,65
P06089,32
P06090,18
P06091,38
P06092,18
P06093,26
P06094,75
P06095,26
P06096,38
P06097,50
P06098,49
P06099,77
P06100,35
P06101,24
P06102,69
P06103,50
P06104,65
P06105,58
P06106,64
P06107,49
P06108,39
P06109,19
P06110,30
P06111,41
P06112,56
P06113,72
P06114,64
P06115,44
P06116,38
P06117,27
P06118,49
P06119,22
P06120,35
P06121,66
P06122,49
P06123,59
P06124,59
P06125,75
P06126,45
P06127,39
P06128,47
P06129,40
P06130,40
P06131,53
P06132,22
P06133,56
P06134,39
P06135,22
P06136,71
P06137,32
P06138,46
P06139,31
P06140,53
P06141,22
P06142,53
P06143,21
P06144,19
P06145,67
P06146,27
P06147,64
P06148,52
P06149,27
P06150,69
P06151,50
P06152,53
P06153,22
P06154,43
P06155,26
P06156,80
P06157,42
P06158,37
P06159,22
P06160,75
P06161,35
P06162,42
P06163,36
P06164,28
P06165,22
P06166,27
P06167,28
P06168,65
P06169,51
P06170,46
P06171,29
P06172,26
P06173,62
P06174,57
P06175,39
P06176,24
P06177,59
P06178,72
P06179,65
P06180,39
P06181,71
P06182,49
P06183,58
P06184,66
P06185,77
P06186,38
P06187,20
P06188,40
P06189,18
P06190,33
P06191,60
P06192,34
P06193,26
P06194,61
P06195,58
P06196,28
P06197,78
P06198,55
P06199,20
P06200,26
P06201,44
P06202,55
P06203,60
P06204,53
P06205,47
P06206,40
P06207,18
P06208,24
P06209,34
P06210,47
P06211,32
P06212,76
P06213,70
P06214,36
P06215,18
P06216,50
P06217,23
P06218,25
P06219,27
P06220,36
P06221,59
P06222,19
P06223,18
P06224,78
P06225,41
P06226,23
P06227,56
P06228,51
P06229,28
P06230,50
P06231,50
P06232,33
P06233,23
P06234,57
P06235,42
P06236,23
P06237,45
P06238,28
P06239,29
P06240,21
P06241,18
P06242,21
P06243,44
P06244,26
P06245,66
P06246,55
P06247,33
P06248,49
P06249,55
P06250,43
P06251,29
P06252,29
P06253,27
P06254,36
P06255,24
P06256,53
P06257,29
P06258,69
P06259,41
P06260,68
P06261,24
P06262,42
P06263,23
P06264,43
P06265,26
P06266,57
P06267,26
P06268,42
P06269,39
P06270,30
P06271,51
P06272,45
P06273,75
P06274,63
P06275,41
P06276,24
P06277,45
P06278,76
P06279,21
P06280,63
P06281,23
P06282,69
P06283,20
P06284,43
P06285,56
P06286,18
P06287,46
P06288,34
P06289,35
P06290,37
P06291,42
P06292,50
P06293,74
P06294,21
P06295,37
P06296,49
P06297,63
P06298,45
P06299,18
P06300,37
P06301,58
P06302,37
P06303,45
P06304,30
P06305,78
P06306,55
P06307,54
P06308,41
P06309,23
P06310,40
P06311,43
P06312,65
P06313,51
P06314,29
P06315,27
P06316,60
P06317,28
P06318,18
P06319,37
P06320,42
P06321,25
P06322,41
P06323,51
P06324,25
P06325,63
P06326,24
P06327,72
P06328,49
P06329,74
P06330,30
P06331,76
P06332,21
P06333,18
P06334,30
P06335,44
P06336,72
P06337,20
P06338,56
P06339,22
P06340,50
P06341,26
P06342,43
P06343,59
P06344,54
P06345,19
P06346,74
P06347,19
P06348,66
P06349,22
P06350,45
P06351,23
P06352,65
P06353,53
P06354,71
P06355,27
P06356,69
P06357,68
P06358,38
P06359,38
P06360,42
P06361,77
P06362,29
P06363,27
P06364,72
P06365,48
P06366,54
P06367,34
P06368,65
P06369,49
P06370,58
P06371,39
P06372,70
P06373,18
P06374,29
P06375,52
P06376,20
P06377,76
P06378,64
P06379,27
P06380,31
P06381,62
P06382,64
P06383,77
P06384,54
P06385,33
P06386,46
P06387,72
P06388,34
P06389,43
P06390,48
P06391,49
P06392,68
P06393,37
P06394,23
P06395,31
P06396,56
P06397,19
P06398,76
P06399,24
P06400,40
P06401,26
P06402,27
P06403,70
P06404,21
P06405,43
P06406,64
P06407,35
P06408,20
P06409,58
P06410,21
P06411,19
P06412,49
P06413,59
P06414,63
P06415,21
P06416,57
P06417,45
P06418,52
P06419,32
P06420,20
P06421,69
P06422,24
P06423,36
P06424,36
P06425,64
P06426,19
P06427,49
P06428,70
P06429,19
P06430,63
P06431,38
P06432,48
P06433,71
P06434,45
P06435,28
P06436,55
P06437,32
P06438,36
P06439,51
P06440,29
P06441,28
P06442,38
P06443,36
P06444,61
P06445,54
P06446,26
P06447,22
P06448,73
P06449,22
P06450,41
P06451,55
P06452,57
P06453,53
P06454,62
P06455,66
P06456,28
P06457,59
P06458,32
P06459,30
P06460,56
P06461,34
P06462,44
P06463,36
P06464,37
P06465,52
P06466,39
P06467,33
P06468,29
P06469,28
P06470,22
P06471,67
P06472,36
P06473,53
P06474,38
P06475,50
P06476,28
P06477,26
P06478,20
P06479,56
P06480,21
P06481,31
P06482,36
P06483,37
P06484,74
P06485,43
P06486,21
P06487,68
P06488,30
P06489,19
P06490,30
P06491,42
P06492,26
P06493,79
P06494,63
P06495,44
P06496,46
P06497,38
P06498,37
P06499,29
P06500,60
P06501,43
P06502,23
P06503,28
P06504,33
P06505,75
P06506,39
P06507,64
P06508,59
P06509,78
P06510,63
P06511,66
P06512,31
P06513,33
P06514,69
P06515,18
P06516,65
P06517,74
P06518,46
P06519,48
P06520,35
P06521,22
P06522,74
P06523,18
P06524,74
P06525,60
P06526,18
P06527,39
P06528,49
P06529,54
P06530,60
P06531,46
P06532,29
P06533,18
P06534,21
P06535,55
P06536,49
P06537,73
P06538,32
P06539,57
P06540,47
P06541,22
P06542,29
P06543,67
P06544,44
P06545,56
P06546,20
P06547,33
P06548,38
P06549,62
P06550,38
P06551,69
P06552,23
P06553,23
P06554,33
P06555,80
P06556,27
P06557,45
P06558,43
P06559,25
P06560,43
P06561,26
P06562,48
P06563,30
P06564,54
P06565,66
P06566,24
P06567,45
P06568,20
P06569,36
P06570,27
P06571,35
P06572,65
P06573,79
P06574,65
P06575,26
P06576,55
P06577,55
P06578,77
P06579,79
P06580,54
P06581,50
P06582,68
P06583,68
P06584,30
P06585,59
P06586,19
P06587,20
P06588,54
P06589,29
P06590,53
P06591,28
P06592,73
P06593,27
P06594,68
P06595,30
P06596,44
P06597,64
P06598,42
P06599,59
P06600,44
P06601,70
P06602,23
P06603,52
P06604,66
P06605,52
P06606,43
P06607,29
P06608,40
P06609,65
P06610,48
P06611,34
P06612,29
P06613,66
P06614,43
P06615,36
P06616,26
P06617,23
P06618,53
P06619,34
P06620,30
P06621,79
P06622,66
P06623,53
P06624,65
P06625,64
P06626,80
P06627,52
P06628,44
P06629,38
P06630,65
P06631,29
P06632,46
P06633,40
P06634,29
P06635,25
P06636,30
P06637,32
P06638,59
P06639,34
P06640,46
P06641,58
P06642,19
P06643,22
P06644,18
P06645,24
P06646,47
P06647,70
P06648,50
P06649,42
P06650,34
P06651,65
P06652,32
P06653,33
P06654,62
P06655,62
P06656,30
P06657,45
P06658,65
P06659,56
P06660,66
P06661,22
P06662,45
P06663,30
P06664,28
P06665,49
P06666,57
P06667,25
P06668,29
P06669,50
P06670,55
P06671,38
P06672,23
P06673,38
P06674,66
P06675,18
P06676,69
P06677,36
P06678,62
P06679,55
P06680,30
P06681,69
P06682,32
P06683,50
P06684,26
P06685,57
P06686,37
P06687,56
P06688,38
P06689,69
P06690,59
P06691,78
P06692,21
P06693,46
P06694,63
P06695,54
P06696,23
P06697,57
P06698,39
P06699,40
P06700,48
P06701,36
P06702,26
P06703,27
P06704,73
P06705,22
P06706,31
P06707,46
P06708,54
P06709,45
P06710,51
P06711,75
P06712,58
P06713,71
P06714,22
P06715,26
P06716,22
P06717,22
P06718,18
P06719,20
P06720,39
P06721,76
P06722,36
P06723,24
P06724,18
P06725,20
P06726,65
P06727,53
P06728,47
P06729,66
P06730,77
P06731,41
P06732,24
P06733,78
P06734,64
P06735,69
P06736,77
P06737,45
P06738,41
P06739,59
P06740,37
P06741,76
P06742,27
P06743,37
P06744,31
P06745,41
P06746,76
P06747,18
P06748,56
P06749,39
P06750,53
P06751,23
P06752,23
P06753,36
P06754,67
P06755,53
P06756,71
P06757,65
P06758,76
P06759,37
P06760,34
P06761,52
P06762,48
P06763,55
P06764,42
P06765,32
P06766,78
P06767,56
P06768,58
P06769,24
P06770,76
P06771,21
P06772,21
P06773,42
P06774,25
P06775,59
P06776,18
P06777,25
P06778,46
P06779,35
P06780,55
P06781,27
P06782,31
P06783,27
P06784,66
P06785,22
P06786,18
P06787,29
P06788,55
P06789,38
P06790,31
P06791,20
P06792,55
P06793,36
P06794,67
P06795,60
P06796,76
P06797,46
P06798,72
P06799,48
P06800,43
P06801,32
P06802,59
P06803,69
P06804,24
P06805,65
P06806,31
P06807,24
P06808,27
P06809,57
P06810,48
P06811,80
P06812,70
P06813,31
P06814,31
P06815,57
P06816,77
P06817,33
P06818,34
P06819,34
P06820,59
P06821,28
P06822,40
P06823,20
P06824,77
P06825,53
P06826,57
P06827,55
P06828,70
P06829,75
P06830,75
P06831,29
P06832,21
P06833,20
P06834,49
P06835,44
P06836,42
P06837,21
P06838,19
P06839,45
P06840,39
P06841,77
P06842,49
P06843,30
P06844,35
P06845,53
P06846,57
P06847,50
P06848,54
P06849,21
P06850,75
P06851,72
P06852,43
P06853,56
P06854,65
P06855,47
P06856,19
P06857,66
P06858,45
P06859,46
P06860,65
P06861,50
P06862,21
P06863,18
P06864,28
P06865,65
P06866,43
P06867,40
P06868,33
P06869,53
P06870,77
P06871,36
P06872,29
P06873,60
P06874,59
P06875,39
P06876,40
P06877,59
P06878,29
P06879,40
P06880,20
P06881,66
P06882,48
P06883,59
P06884,41
P06885,79
P06886,58
P06887,26
P06888,62
P06889,56
P06890,74
P06891,19
P06892,23
P06893,71
P06894,39
P06895,60
P06896,80
P06897,23
P06898,78
P06899,57
P06900,31
P06901,19
P06902,33
P06903,79
P06904,43
P06905,46
P06906,20
P06907,28
P06908,43
P06909,22
P06910,30
P06911,54
P06912,65
P06913,58
P06914,57
P06915,31
P06916,54
P06917,49
P06918,52
P06919,29
P06920,52
P06921,73
P06922,31
P06923,22
P06924,18
P06925,76
P06926,36
P06927,20
P06928,42
P06929,60
P06930,23
P06931,35
P06932,34
P06933,50
P06934,49
P06935,48
P06936,40
P06937,27
P06938,72
P06939,42
P06940,36
P06941,35
P06942,71
P06943,38
P06944,65
P06945,43
P06946,70
P06947,52
P06948,21
P06949,62
P06950,55
P06951,49
P06952,60
P06953,29
P06954,76
P06955,50
P06956,40
P06957,74
P06958,32
P06959,80
P06960,42
P06961,75
P06962,52
P06963,63
P06964,45
P06965,71
P06966,32
P06967,24
P06968,75
P06969,40
P06970,61
P06971,34
P06972,39
P06973,45
P06974,53
P06975,53
P06976,28
P06977,77
P06978,72
P06979,57
P06980,56
P06981,52
P06982,26
P06983,38
P06984,20
P06985,36
P06986,61
P06987,53
P06988,42
P06989,64
P06990,19
P06991,54
P06992,77
P06993,24
P06994,55
P06995,28
P06996,65
P06997,45
P06998,35
P06999,50
P07000,57
P07001,69
P07002,73
P07003,21
P07004,64
P07005,51
P07006,40
P07007,23
P07008,33
P07009,37
P07010,22
P07011,43
P07012,20
P07013,51
P07014,31
P07015,38
P07016,32
P07017,29
P07018,58
P07019,35
P07020,25
P07021,21
P07022,53
P07023,32
P07024,73
P07025,47
P07026,53
P07027,18
P07028,52
P07029,47
P07030,27
P07031,18
P07032,21
P07033,57
P07034,56
P07035,35
P07036,28
P07037,36
P07038,61
P07039,43
P07040,78
P07041,50
P07042,24
P07043,30
P07044,25
P07045,53
P07046,25
P07047,69
P07048,32
P07049,64
P07050,51
P07051,68
P07052,79
P07053,19
P07054,69
P07055,19
P07056,52
P07057,41
P07058,32
P07059,29
P07060,36
P07061,66
P07062,51
P07063,33
P07064,56
P07065,49
P07066,23
P07067,42
P07068,61
P07069,29
P07070,80
P07071,39
P07072,58
P07073,72
P07074,47
P07075,72
P07076,28
P07077,32
P07078,71
P07079,54
P07080,20
P07081,24
P07082,31
P07083,40
P07084,40
P07085,55
P07086,78
P07087,28
P07088,42
P07089,51
P07090,40
P07091,38
P07092,39
P07093,67
P07094,56
P07095,40
P07096,48
P07097,20
P07098,30
P07099,31
P07100,35
P07101,41
P07102,23
P07103,23
P07104,59
P07105,43
P07106,25
P07107,37
P07108,47
P07109,64
P07110,46
P07111,54
P07112,48
P07113,39
P07114,20
P07115,51
P07116,40
P07117,19
P07118,21
P07119,39
P07120,29
P07121,53
P07122,28
P07123,41
P07124,77
P07125,41
P07126,23
P07127,40
P07128,31
P07129,72
P07130,72
P07131,50
P07132,36
P07133,28
P07134,36
P07135,25
P07136,43
P07137,58
P07138,38
P07139,79
P07140,21
P07141,55
P07142,44
P07143,72
P07144,67
P07145,56
P07146,57
P07147,77
P07148,27
P07149,75
P07150,51
P07151,51
P07152,52
P07153,19
P07154,35
P07155,70
P07156,24
P07157,43
P07158,36
P07159,21
P07160,28
P07161,54
P07162,66
P07163,47
P07164,36
P07165,19
P07166,27
P07167,29
P07168,51
P07169,56
P07170,77
P07171,72
P07172,36
P07173,26
P07174,51
P07175,18
P07176,33
P07177,32
P07178,62
P07179,61
P07180,58
P07181,68
P07182,41
P07183,66
P07184,36
P07185,34
P07186,26
P07187,28
P07188,44
P07189,41
P07190,34
P07191,48
P07192,66
P07193,25
P07194,46
P07195,24
P07196,61
P07197,32
P07198,30
P07199,47
P07200,42
P07201,31
P07202,34
P07203,30
P07204,24
P07205,51
P07206,24
P07207,20
P07208,56
P07209,25
P07210,65
P07211,38
P07212,40
P07213,56
P07214,47
P07215,56
P07216,47
P07217,28
P07218,47
P07219,49
P07220,40
P07221,43
P07222,38
P07223,51
P07224,45
P07225,23
P07226,30
P07227,29
P07228,44
P07229,35
P07230,24
P07231,41
P07232,19
P07233,37
P07234,59
P07235,34
P07236,57
P07237,47
P07238,45
P07239,40
P07240,71
P07241,72
P07242,42
P07243,48
P07244,50
P07245,70
P07246,56
P07247,48
P07248,35
P07249,54
P07250,49
P07251,35
P07252,32
P07253,19
P07254,80
P07255,23
P07256,27
P07257,68
P07258,25
P07259,46
P07260,79
P07261,70
P07262,19
P07263,34
P07264,53
P07265,42
P07266,30
P07267,54
P07268,39
P07269,56
P07270,42
P07271,43
P07272,71
P07273,33
P07274,52
P07275,44
P07276,18
P07277,21
P07278,43
P07279,46
P07280,23
P07281,39
P07282,71
P07283,52
P07284,58
P07285,45
P07286,22
P07287,39
P07288,66
P07289,20
P07290,25
P07291,30
P07292,54
P07293,30
P07294,36
P07295,59
P07296,75
P07297,55
P07298,46
P07299,28
P07300,24
P07301,69
P07302,61
P07303,27
P07304,27
P07305,22
P07306,51
P07307,35
P07308,32
P07309,47
P07310,18
P07311,74
P07312,51
P07313,71
P07314,22
P07315,48
P07316,21
P07317,36
P07318,28
P07319,53
P07320,24
P07321,58
P07322,57
P07323,47
P07324,34
P07325,18
P07326,71
P07327,75
P07328,40
P07329,38
P07330,21
P07331,33
P07332,50
P07333,26
P07334,37
P07335,38
P07336,57
P07337,18
P07338,55
P07339,25
P07340,38
P07341,53
P07342,52
P07343,49
P07344,22
P07345,26
P07346,52
P07347,27
P07348,75
P07349,61
P07350,80
P07351,71
P07352,18
P07353,21
P07354,31
P07355,22
P07356,49
P07357,73
P07358,21
P07359,64
P07360,37
P07361,18
P07362,25
P07363,24
P07364,46
P07365,71
P07366,57
P07367,26
P07368,63
P07369,47
P07370,51
P07371,44
P07372,41
P07373,30
P07374,80
P07375,23
P07376,58
P07377,22
P07378,20
P07379,29
P07380,23
P07381,19
P07382,55
P07383,24
P07384,27
P07385,66
P07386,77
P07387,19
P07388,22
P07389,63
P07390,51
P07391,26
P07392,75
P07393,39
P07394,38
P07395,52
P07396,53
P07397,38
P07398,48
P07399,80
P07400,60
P07401,62
P07402,54
P07403,61
P07404,73
P07405,28
P07406,54
P07407,26
P07408,60
P07409,78
P07410,74
P07411,80
P07412,56
P07413,55
P07414,63
P07415,29
P07416,68
P07417,19
P07418,41
P07419,37
P07420,34
P07421,25
P07422,40
P07423,58
P07424,26
P07425,66
P07426,74
P07427,64
P07428,64
P07429,80
P07430,49
P07431,33
P07432,20
P07433,66
P07434,27
P07435,24
P07436,22
P07437,30
P07438,52
P07439,56
P07440,37
P07441,35
P07442,23
P07443,48
P07444,24
P07445,44
P07446,34
P07447,37
P07448,55
P07449,22
P07450,62
P07451,57
P07452,35
P07453,50
P07454,29
P07455,59
P07456,80
P07457,47
P07458,53
P07459,76
P07460,40
P07461,18
P07462,77
P07463,31
P07464,66
P07465,79
P07466,28
P07467,19
P07468,73
P07469,28
P07470,70
P07471,25
P07472,40
P07473,68
P07474,37
P07475,24
P07476,52
P07477,24
P07478,38
P07479,19
P07480,33
P07481,58
P07482,43
P07483,26
P07484,23
P07485,24
P07486,39
P07487,55
P07488,77
P07489,75
P07490,51
P07491,30
P07492,54
P07493,54
P07494,21
P07495,77
P07496,43
P07497,21
P07498,25
P07499,66
P07500,41
P07501,54
P07502,35
P07503,54
P07504,59
P07505,25
P07506,26
P07507,40
P07508,20
P07509,57
P07510,73
P07511,50
P07512,69
P07513,23
P07514,43
P07515,32
P07516,64
P07517,52
P07518,47
P07519,54
P07520,47
P07521,24
P07522,56
P07523,34
P07524,54
P07525,42
P07526,70
P07527,37
P07528,34
P07529,20
P07530,26
P07531,35
P07532,53
P07533,79
P07534,46
P07535,33
P07536,71
P07537,42
P07538,39
P07539,33
P07540,55
P07541,45
P07542,42
P07543,78
P07544,28
P07545,57
P07546,47
P07547,61
P07548,25
P07549,79
P07550,62
P07551,26
P07552,48
P07553,20
P07554,51
P07555,70
P07556,32
P07557,55
P07558,56
P07559,39
P07560,49
P07561,78
P07562,37
P07563,79
P07564,30
P07565,37
P07566,74
P07567,52
P07568,40
P07569,26
P07570,70
P07571,59
P07572,41
P07573,57
P07574,26
P07575,21
P07576,40
P07577,32
P07578,27
P07579,54
P07580,34
P07581,27
P07582,50
P07583,22
P07584,18
P07585,68
P07586,46
P07587,59
P07588,36
P07589,24
P07590,78
P07591,31
P07592,74
P07593,19
P07594,34
P07595,28
P07596,75
P07597,23
P07598,31
P07599,38
P07600,72
P07601,43
P07602,61
P07603,41
P07604,44
P07605,27
P07606,35
P07607,31
P07608,56
P07609,37
P07610,38
P07611,68
P07612,29
P07613,26
P07614,53
P07615,18
P07616,48
P07617,32
P07618,35
P07619,33
P07620,65
P07621,79
P07622,64
P07623,25
P07624,41
P07625,61
P07626,21
P07627,22
P07628,67
P07629,18
P07630,35
P07631,19
P07632,30
P07633,43
P07634,53
P07635,27
P07636,42
P07637,48
P07638,27
P07639,35
P07640,31
P07641,54
P07642,51
P07643,42
P07644,56
P07645,73
P07646,44
P07647,55
P07648,18
P07649,38
P07650,28
P07651,26
P07652,31
P07653,61
P07654,23
P07655,61
P07656,55
P07657,56
P07658,23
P07659,38
P07660,61
P07661,56
P07662,61
P07663,80
P07664,22
P07665,52
P07666,76
P07667,24
P07668,68
P07669,25
P07670,61
P07671,75
P07672,56
P07673,59
P07674,35
P07675,39
P07676,50
P07677,44
P07678,36
P07679,71
P07680,76
P07681,55
P07682,19
P07683,22
P07684,66
P07685,62
P07686,59
P07687,40
P07688,48
P07689,25
P07690,33
P07691,67
P07692,32
P07693,56
P07694,19
P07695,54
P07696,75
P07697,21
P07698,18
P07699,24
P07700,79
P07701,60
P07702,21
P07703,50
P07704,35
P07705,55
P07706,70
P07707,47
P07708,58
P07709,58
P07710,21
P07711,44
P07712,68
P07713,54
P07714,34
P07715,36
P07716,29
P07717,47
P07718,68
P07719,25
P07720,67
P07721,23
P07722,65
P07723,58
P07724,59
P07725,35
P07726,39
P07727,18
P07728,54
P07729,54
P07730,76
P07731,78
P07732,71
P07733,64
P07734,39
P07735,51
P07736,66
P07737,61
P07738,37
P07739,18
P07740,39
P07741,55
P07742,40
P07743,32
P07744,18
P07745,55
P07746,48
P07747,33
P07748,34
P07749,29
P07750,73
P07751,48
P07752,41
P07753,24
P07754,38
P07755,64
P07756,19
P07757,58
P07758,59
P07759,19
P07760,32
P07761,53
P07762,31
P07763,54
P07764,57
P07765,56
P07766,18
P07767,44
P07768,25
P07769,33
P07770,42
P07771,31
P07772,45
P07773,36
P07774,41
P07775,57
P07776,19
P07777,20
P07778,70
P07779,69
P07780,19
P07781,18
P07782,38
P07783,28
P07784,53
P07785,48
P07786,73
P07787,37
P07788,55
P07789,25
P07790,23
P07791,35
P07792,67
P07793,43
P07794,20
P07795,69
P07796,57
P07797,22
P07798,65
P07799,44
P07800,69
P07801,79
P07802,76
P07803,36
P07804,25
P07805,24
P07806,59
P07807,28
P07808,26
P07809,79
P07810,77
P07811,72
P07812,24
P07813,63
P07814,59
P07815,42
P07816,44
P07817,32
P07818,50
P07819,24
P07820,74
P07821,73
P07822,72
P07823,32
P07824,33
P07825,34
P07826,61
P07827,78
P07828,71
P07829,28
P07830,54
P07831,71
P07832,33
P07833,67
P07834,29
P07835,57
P07836,46
P07837,57
P07838,70
P07839,26
P07840,26
P07841,50
P07842,27
P07843,75
P07844,69
P07845,37
P07846,19
P07847,18
P07848,40
P07849,80
P07850,29
P07851,28
P07852,40
P07853,76
P07854,30
P07855,45
P07856,22
P07857,30
P07858,28
P07859,25
P07860,61
P07861,53
P07862,30
P07863,20
P07864,44
P07865,39
P07866,56
P07867,48
P07868,24
P07869,64
P07870,18
P07871,30
P07872,30
P07873,40
P07874,37
P07875,52
P07876,21
P07877,18
P07878,57
P07879,25
P07880,68
P07881,21
P07882,25
P07883,23
P07884,48
P07885,37
P07886,55
P07887,23
P07888,20
P07889,29
P07890,58
P07891,78
P07892,52
P07893,18
P07894,76
P07895,62
P07896,30
P07897,24
P07898,41
P07899,37
P07900,61
P07901,20
P07902,68
P07903,67
P07904,42
P07905,39
P07906,20
P07907,72
P07908,48
P07909,39
P07910,26
P07911,80
P07912,37
P07913,22
P07914,46
P07915,78
P07916,22
P07917,51
P07918,55
P07919,26
P07920,27
P07921,57
P07922,45
P07923,29
P07924,74
P07925,70
P07926,42
P07927,69
P07928,51
P07929,29
P07930,21
P07931,22
P07932,44
P07933,19
P07934,33
P07935,69
P07936,37
P07937,78
P07938,21
P07939,45
P07940,75
P07941,31
P07942,23
P07943,52
P07944,24
P07945,18
P07946,36
P07947,53
P07948,25
P07949,44
P07950,21
P07951,18
P07952,18
P07953,57
P07954,50
P07955,49
P07956,34
P07957,49
P07958,58
P07959,24
P07960,38
P07961,44
P07962,70
P07963,34
P07964,58
P07965,42
P07966,80
P07967,35
P07968,33
P07969,44
P07970,46
P07971,46
P07972,40
P07973,30
P07974,46
P07975,55
P07976,71
P07977,62
P07978,26
P07979,20
P07980,34
P07981,43
P07982,75
P07983,44
P07984,37
P07985,18
P07986,33
P07987,61
P07988,53
P07989,44
P07990,36
P07991,70
P07992,40
P07993,30
P07994,19
P07995,72
P07996,55
P07997,53
P07998,25
P07999,54
P08000,59
P08001,34
P08002,34
P08003,55
P08004,61
P08005,59
P08006,68
P08007,24
P08008,73
P08009,76
P08010,50
P08011,56
P08012,47
P08013,25
P08014,51
P08015,59
P08016,22
P08017,52
P08018,56
P08019,31
P08020,77
P08021,22
P08022,25
P08023,54
P08024,54
P08025,23
P08026,29
P08027,70
P08028,69
P08029,40
P08030,64
P08031,60
P08032,45
P08033,42
P08034,32
P08035,45
P08036,23
P08037,64
P08038,60
P08039,18
P08040,73
P08041,37
P08042,38
P08043,78
P08044,54
P08045,47
P08046,41
P08047,49
P08048,18
P08049,22
P08050,58
P08051,43
P08052,53
P08053,66
P08054,41
P08055,19
P08056,76
P08057,31
P08058,30
P08059,49
P08060,54
P08061,38
P08062,77
P08063,57
P08064,77
P08065,61
P08066,49
P08067,30
P08068,49
P08069,56
P08070,58
P08071,50
P08072,66
P08073,69
P08074,64
P08075,45
P08076,67
P08077,65
P08078,39
P08079,57
P08080,53
P08081,41
P08082,50
P08083,71
P08084,45
P08085,75
P08086,46
P08087,74
P08088,77
P08089,24
P08090,53
P08091,37
P08092,32
P08093,29
P08094,26
P08095,37
P08096,65
P08097,31
P08098,24
P08099,41
P08100,23
P08101,62
P08102,18
P08103,45
P08104,80
P08105,62
P08106,75
P08107,65
P08108,78
P08109,65
P08110,59
P08111,80
P08112,62
P08113,32
P08114,24
P08115,34
P08116,56
P08117,35
P08118,77
P08119,48
P08120,41
P08121,72
P08122,36
P08123,39
P08124,40
P08125,67
P08126,75
P08127,75
P08128,77
P08129,30
P08130,80
P08131,35
P08132,69
P08133,30
P08134,18
P08135,20
P08136,23
P08137,22
P08138,56
P08139,26
P08140,61
P08141,29
P08142,19
P08143,60
P08144,22
P08145,61
P08146,34
P08147,36
P08148,58
P08149,52
P08150,40
P08151,74
P08152,19
P08153,66
P08154,57
P08155,30
P08156,50
P08157,47
P08158,55
P08159,19
P08160,48
P08161,48
P08162,26
P08163,43
P08164,27
P08165,33
P08166,41
P08167,39
P08168,18
P08169,21
P08170,77
P08171,74
P08172,78
P08173,41
P08174,78
P08175,22
P08176,33
P08177,20
P08178,22
P08179,57
P08180,25
P08181,52
P08182,18
P08183,27
P08184,18
P08185,80
P08186,29
P08187,22
P08188,61
P08189,33
P08190,21
P08191,36
P08192,63
P08193,27
P08194,55
P08195,45
P08196,30
P08197,31
P08198,80
P08199,57
P08200,69
P08201,27
P08202,59
P08203,43
P08204,48
P08205,48
P08206,30
P08207,26
P08208,28
P08209,20
P08210,75
P08211,25
P08212,22
P08213,19
P08214,40
P08215,31
P08216,25
P08217,32
P08218,42
P08219,25
P08220,55
P08221,28
P08222,44
P08223,34
P08224,25
P08225,24
P08226,40
P08227,63
P08228,69
P08229,68
P08230,20
P08231,44
P08232,32
P08233,51
P08234,27
P08235,57
P08236,51
P08237,25
P08238,58
P08239,23
P08240,55
P08241,68
P08242,42
P08243,33
P08244,22
P08245,44
P08246,34
P08247,68
P08248,63
P08249,32
P08250,37
P08251,25
P08252,61
P08253,34
P08254,44
P08255,58
P08256,49
P08257,50
P08258,18
P08259,21
P08260,68
P08261,30
P08262,29
P08263,34
P08264,20
P08265,37
P08266,69
P08267,65
P08268,63
P08269,28
P08270,37
P08271,52
P08272,43
P08273,28
P08274,33
P08275,35
P08276,43
P08277,25
P08278,42
P08279,56
P08280,34
P08281,79
P08282,51
P08283,37
P08284,31
P08285,45
P08286,58
P08287,65
P08288,22
P08289,79
P08290,34
P08291,32
P08292,54
P08293,20
P08294,62
P08295,77
P08296,45
P08297,18
P08298,32
P08299,39
P08300,47
P08301,24
P08302,61
P08303,18
P08304,37
P08305,24
P08306,72
P08307,75
P08308,33
P08309,38
P08310,26
P08311,41
P08312,67
P08313,48
P08314,51
P08315,41
P08316,57
P08317,56
P08318,33
P08319,32
P08320,63
P08321,29
P08322,54
P08323,48
P08324,18
P08325,45
P08326,58
P08327,56
P08328,25
P08329,21
P08330,18
P08331,77
P08332,77
P08333,28
P08334,58
P08335,51
P08336,64
P08337,69
P08338,29
P08339,51
P08340,41
P08341,41
P08342,29
P08343,67
P08344,37
P08345,22
P08346,79
P08347,35
P08348,19
P08349,57
P08350,22
P08351,44
P08352,28
P08353,18
P08354,39
P08355,69
P08356,49
P08357,36
P08358,36
P08359,76
P08360,42
P08361,56
P08362,64
P08363,56
P08364,77
P08365,50
P08366,69
P08367,45
P08368,19
P08369,47
P08370,77
P08371,42
P08372,62
P08373,68
P08374,62
P08375,39
P08376,29
P08377,19
P08378,48
P08379,59
P08380,48
P08381,24
P08382,63
P08383,54
P08384,80
P08385,55
P08386,24
P08387,31
P08388,30
P08389,59
P08390,67
P08391,77
P08392,18
P08393,79
P08394,64
P08395,57
P08396,77
P08397,75
P08398,40
P08399,18
P08400,21
P08401,60
P08402,32
P08403,34
P08404,51
P08405,25
P08406,70
P08407,57
P08408,31
P08409,32
P08410,29
P08411,43
P08412,62
P08413,57
P08414,58
P08415,41
P08416,36
P08417,24
P08418,31
P08419,20
P08420,41
P08421,36
P08422,24
P08423,75
P08424,75
P08425,33
P08426,67
P08427,67
P08428,56
P08429,23
P08430,40
P08431,44
P08432,35
P08433,27
P08434,25
P08435,63
P08436,56
P08437,33
P08438,61
P08439,18
P08440,33
P08441,34
P08442,18
P08443,20
P08444,48
P08445,36
P08446,35
P08447,25
P08448,30
P08449,75
P08450,53
P08451,52
P08452,32
P08453,41
P08454,38
P08455,26
P08456,67
P08457,32
P08458,57
P08459,52
P08460,49
P08461,71
P08462,32
P08463,21
P08464,20
P08465,33
P08466,69
P08467,73
P08468,26
P08469,18
P08470,57
P08471,52
P08472,32
P08473,34
P08474,35
P08475,38
P08476,51
P08477,25
P08478,24
P08479,60
P08480,47
P08481,36
P08482,28
P08483,27
P08484,37
P08485,77
P08486,27
P08487,24
P08488,46
P08489,76
P08490,28
P08491,59
P08492,39
P08493,71
P08494,40
P08495,67
P08496,59
P08497,78
P08498,37
P08499,21
P08500,69
P08501,75
P08502,49
P08503,18
P08504,73
P08505,28
P08506,76
P08507,59
P08508,80
P08509,30
P08510,60
P08511,20
P08512,59
P08513,56
P08514,67
P08515,44
P08516,26
P08517,40
P08518,44
P08519,41
P08520,39
P08521,66
P08522,28
P08523,40
P08524,20
P08525,54
P08526,46
P08527,59
P08528,61
P08529,34
P08530,32
P08531,55
P08532,54
P08533,19
P08534,31
P08535,32
P08536,42
P08537,52
P08538,56
P08539,46
P08540,40
P08541,31
P08542,42
P08543,44
P08544,32
P08545,47
P08546,57
P08547,26
P08548,41
P08549,38
P08550,45
P08551,51
P08552,32
P08553,50
P08554,54
P08555,57
P08556,46
P08557,39
P08558,29
P08559,63
P08560,57
P08561,56
P08562,40
P08563,31
P08564,18
P08565,50
P08566,65
P08567,47
P08568,35
P08569,24
P08570,21
P08571,60
P08572,23
P08573,28
P08574,45
P08575,24
P08576,45
P08577,22
P08578,33
P08579,25
P08580,43
P08581,35
P08582,27
P08583,70
P08584,38
P08585,32
P08586,77
P08587,66
P08588,63
P08589,43
P08590,77
P08591,46
P08592,42
P08593,46
P08594,60
P08595,53
P08596,72
P08597,55
P08598,26
P08599,32
P08600,59
P08601,24
P08602,31
P08603,24
P08604,46
P08605,53
P08606,34
P08607,34
P08608,19
P08609,27
P08610,58
P08611,41
P08612,47
P08613,20
P08614,63
P08615,34
P08616,41
P08617,38
P08618,47
P08619,65
P08620,36
P08621,54
P08622,41
P08623,22
P08624,36
P08625,23
P08626,40
P08627,50
P08628,21
P08629,26
P08630,56
P08631,34
P08632,56
P08633,21
P08634,51
P08635,19
P08636,54
P08637,26
P08638,49
P08639,76
P08640,41
P08641,19
P08642,78
P08643,76
P08644,18
P08645,76
P08646,74
P08647,42
P08648,29
P08649,44
P08650,34
P08651,31
P08652,76
P08653,76
P08654,30
P08655,29
P08656,79
P08657,23
P08658,20
P08659,24
P08660,49
P08661,19
P08662,43
P08663,53
P08664,30
P08665,19
P08666,21
P08667,67
P08668,44
P08669,47
P08670,62
P08671,32
P08672,32
P08673,39
P08674,54
P08675,30
P08676,23
P08677,51
P08678,34
P08679,56
P08680,55
P08681,53
P08682,79
P08683,43
P08684,21
P08685,44
P08686,22
P08687,39
P08688,21
P08689,56
P08690,33
P08691,65
P08692,28
P08693,20
P08694,45
P08695,25
P08696,54
P08697,54
P08698,79
P08699,30
P08700,51
P08701,63
P08702,64
P08703,37
P08704,34
P08705,27
P08706,34
P08707,42
P08708,26
P08709,20
P08710,27
P08711,48
P08712,24
P08713,29
P08714,67
P08715,53
P08716,58
P08717,39
P08718,24
P08719,47
P08720,66
P08721,27
P08722,35
P08723,47
P08724,19
P08725,66
P08726,29
P08727,76
P08728,48
P08729,40
P08730,38
P08731,21
P08732,25
P08733,39
P08734,33
P08735,22
P08736,73
P08737,75
P08738,60
P08739,30
P08740,68
P08741,32
P08742,76
P08743,52
P08744,31
P08745,73
P08746,43
P08747,37
P08748,19
P08749,60
P08750,36
P08751,69
P08752,35
P08753,46
P08754,23
P08755,37
P08756,36
P08757,51
P08758,62
P08759,28
P08760,22
P08761,50
P08762,49
P08763,28
P08764,21
P08765,80
P08766,80
P08767,37
P08768,30
P08769,79
P08770,80
P08771,62
P08772,46
P08773,38
P08774,79
P08775,80
P08776,41
P08777,58
P08778,77
P08779,59
P08780,18
P08781,50
P08782,22
P08783,43
P08784,19
P08785,79
P08786,20
P08787,78
P08788,69
P08789,69
P08790,35
P08791,28
P08792,79
P08793,29
P08794,38
P08795,22
P08796,55
P08797,56
P08798,21
P08799,43
P08800,43
P08801,49
P08802,52
P08803,75
P08804,63
P08805,61
P08806,47
P08807,40
P08808,25
P08809,57
P08810,51
P08811,23
P08812,50
P08813,36
P08814,41
P08815,58
P08816,35
P08817,37
P08818,33
P08819,23
P08820,34
P08821,41
P08822,58
P08823,44
P08824,59
P08825,41
P08826,51
P08827,69
P08828,27
P08829,26
P08830,33
P08831,51
P08832,29
P08833,22
P08834,49
P08835,73
P08836,42
P08837,18
P08838,34
P08839,33
P08840,47
P08841,23
P08842,48
P08843,18
P08844,54
P08845,23
P08846,51
P08847,70
P08848,60
P08849,55
P08850,69
P08851,23
P08852,27
P08853,44
P08854,44
P08855,48
P08856,30
P08857,46
P08858,22
P08859,37
P08860,19
P08861,27
P08862,34
P08863,44
P08864,24
P08865,65
P08866,32
P08867,48
P08868,51
P08869,18
P08870,29
P08871,51
P08872,57
P08873,52
P08874,60
P08875,56
P08876,30
P08877,73
P08878,43
P08879,39
P08880,56
P08881,66
P08882,34
P08883,19
P08884,48
P08885,37
P08886,35
P08887,46
P08888,35
P08889,28
P08890,29
P08891,77
P08892,19
P08893,51
P08894,55
P08895,55
P08896,36
P08897,38
P08898,57
P08899,40
P08900,25
P08901,46
P08902,33
P08903,34
P08904,43
P08905,65
P08906,57
P08907,80
P08908,35
P08909,35
P08910,38
P08911,79
P08912,62
P08913,23
P08914,35
P08915,36
P08916,55
P08917,42
P08918,57
P08919,48
P08920,41
P08921,21
P08922,40
P08923,52
P08924,50
P08925,72
P08926,50
P08927,34
P08928,46
P08929,28
P08930,50
P08931,66
P08932,22
P08933,28
P08934,23
P08935,28
P08936,37
P08937,28
P08938,29
P08939,44
P08940,40
P08941,23
P08942,66
P08943,21
P08944,46
P08945,18
P08946,29
P08947,43
P08948,26
P08949,20
P08950,25
P08951,45
P08952,71
P08953,24
P08954,32
P08955,40
P08956,29
P08957,34
P08958,35
P08959,27
P08960,62
P08961,20
P08962,62
P08963,22
P08964,70
P08965,53
P08966,30
P08967,80
P08968,43
P08969,56
P08970,77
P08971,71
P08972,21
P08973,61
P08974,56
P08975,74
P08976,50
P08977,69
P08978,58
P08979,36
P08980,46
P08981,73
P08982,30
P08983,52
P08984,58
P08985,64
P08986,68
P08987,72
P08988,49
P08989,32
P08990,29
P08991,51
P08992,38
P08993,46
P08994,30
P08995,30
P08996,21
P08997,37
P08998,80
P08999,57
P09000,26
P09001,56
P09002,72
P09003,37
P09004,66
P09005,52
P09006,58
P09007,73
P09008,67
P09009,22
P09010,52
P09011,32
P09012,57
P09013,34
P09014,43
P09015,49
P09016,31
P09017,32
P09018,28
P09019,29
P09020,32
P09021,22
P09022,40
P09023,25
P09024,36
P09025,29
P09026,53
P09027,57
P09028,43
P09029,62
P09030,53
P09031,69
P09032,39
P09033,33
P09034,50
P09035,39
P09036,37
P09037,24
P09038,18
P09039,80
P09040,33
P09041,23
P09042,38
P09043,48
P09044,18
P09045,47
P09046,60
P09047,20
P09048,51
P09049,26
P09050,25
P09051,22
P09052,41
P09053,24
P09054,68
P09055,22
P09056,36
P09057,49
P09058,52
P09059,34
P09060,41
P09061,34
P09062,57
P09063,80
P09064,58
P09065,27
P09066,20
P09067,45
P09068,27
P09069,56
P09070,26
P09071,29
P09072,78
P09073,37
P09074,45
P09075,49
P09076,54
P09077,31
P09078,72
P09079,73
P09080,69
P09081,44
P09082,79
P09083,58
P09084,39
P09085,33
P09086,24
P09087,52
P09088,47
P09089,52
P09090,20
P09091,68
P09092,56
P09093,37
P09094,34
P09095,25
P09096,36
P09097,47
P09098,42
P09099,31
P09100,46
P09101,76
P09102,53
P09103,77
P09104,71
P09105,21
P09106,31
P09107,39
P09108,52
P09109,53
P09110,46
P09111,54
P09112,37
P09113,64
P09114,35
P09115,27
P09116,32
P09117,21
P09118,41
P09119,55
P09120,51
P09121,31
P09122,80
P09123,26
P09124,59
P09125,77
P09126,55
P09127,18
P09128,71
P09129,52
P09130,31
P09131,68
P09132,73
P09133,60
P09134,28
P09135,80
P09136,34
P09137,36
P09138,65
P09139,74
P09140,60
P09141,30
P09142,25
P09143,19
P09144,54
P09145,54
P09146,62
P09147,67
P09148,60
P09149,80
P09150,65
P09151,32
P09152,18
P09153,55
P09154,27
P09155,39
P09156,23
P09157,24
P09158,18
P09159,21
P09160,57
P09161,42
P09162,54
P09163,39
P09164,33
P09165,40
P09166,31
P09167,43
P09168,51
P09169,18
P09170,37
P09171,64
P09172,73
P09173,47
P09174,76
P09175,25
P09176,75
P09177,59
P09178,25
P09179,73
P09180,24
P09181,50
P09182,59
P09183,31
P09184,58
P09185,78
P09186,23
P09187,38
P09188,22
P09189,77
P09190,59
P09191,35
P09192,51
P09193,29
P09194,37
P09195,21
P09196,34
P09197,47
P09198,19
P09199,52
P09200,48
P09201,44
P09202,78
P09203,39
P09204,39
P09205,40
P09206,38
P09207,22
P09208,32
P09209,76
P09210,49
P09211,40
P09212,37
P09213,34
P09214,48
P09215,48
P09216,53
P09217,52
P09218,34
P09219,18
P09220,28
P09221,80
P09222,78
P09223,31
P09224,72
P09225,22
P09226,43
P09227,52
P09228,65
P09229,77
P09230,80
P09231,35
P09232,71
P09233,34
P09234,46
P09235,60
P09236,43
P09237,18
P09238,57
P09239,52
P09240,34
P09241,54
P09242,62
P09243,20
P09244,46
P09245,78
P09246,25
P09247,58
P09248,30
P09249,38
P09250,73
P09251,64
P09252,58
P09253,18
P09254,80
P09255,29
P09256,78
P09257,64
P09258,61
P09259,65
P09260,59
P09261,52
P09262,40
P09263,48
P09264,60
P09265,26
P09266,20
P09267,53
P09268,59
P09269,20
P09270,37
P09271,27
P09272,39
P09273,37
P09274,50
P09275,45
P09276,19
P09277,57
P09278,26
P09279,42
P09280,20
P09281,41
P09282,33
P09283,74
P09284,39
P09285,37
P09286,54
P09287,41
P09288,58
P09289,26
P09290,41
P09291,37
P09292,41
P09293,53
P09294,32
P09295,35
P09296,49
P09297,19
P09298,58
P09299,28
P09300,21
P09301,41
P09302,23
P09303,26
P09304,74
P09305,30
P09306,55
P09307,41
P09308,24
P09309,26
P09310,33
P09311,31
P09312,59
P09313,71
P09314,24
P09315,22
P09316,73
P09317,31
P09318,24
P09319,75
P09320,26
P09321,64
P09322,24
P09323,78
P09324,75
P09325,19
P09326,38
P09327,39
P09328,57
P09329,24
P09330,22
P09331,40
P09332,18
P09333,50
P09334,33
P09335,64
P09336,63
P09337,31
P09338,26
P09339,23
P09340,24
P09341,27
P09342,18
P09343,57
P09344,24
P09345,23
P09346,49
P09347,52
P09348,55
P09349,35
P09350,20
P09351,22
P09352,25
P09353,63
P09354,76
P09355,21
P09356,36
P09357,29
P09358,80
P09359,41
P09360,27
P09361,35
P09362,53
P09363,24
P09364,40
P09365,57
P09366,50
P09367,33
P09368,65
P09369,37
P09370,76
P09371,45
P09372,27
P09373,78
P09374,24
P09375,30
P09376,49
P09377,27
P09378,23
P09379,61
P09380,19
P09381,20
P09382,66
P09383,58
P09384,76
P09385,63
P09386,62
P09387,71
P09388,42
P09389,80
P09390,43
P09391,53
P09392,25
P09393,20
P09394,36
P09395,24
P09396,26
P09397,37
P09398,56
P09399,33
P09400,42
P09401,35
P09402,35
P09403,61
P09404,44
P09405,40
P09406,65
P09407,62
P09408,55
P09409,45
P09410,78
P09411,78
P09412,66
P09413,42
P09414,52
P09415,72
P09416,44
P09417,68
P09418,54
P09419,74
P09420,25
P09421,37
P09422,19
P09423,55
P09424,62
P09425,65
P09426,54
P09427,20
P09428,50
P09429,37
P09430,44
P09431,50
P09432,18
P09433,49
P09434,49
P09435,29
P09436,40
P09437,35
P09438,36
P09439,37
P09440,54
P09441,80
P09442,59
P09443,39
P09444,76
P09445,40
P09446,75
P09447,29
P09448,45
P09449,54
P09450,36
P09451,42
P09452,68
P09453,78
P09454,41
P09455,68
P09456,20
P09457,76
P09458,25
P09459,23
P09460,41
P09461,41
P09462,49
P09463,33
P09464,18
P09465,37
P09466,50
P09467,43
P09468,35
P09469,31
P09470,20
P09471,66
P09472,26
P09473,41
P09474,43
P09475,18
P09476,37
P09477,59
P09478,36
P09479,62
P09480,30
P09481,80
P09482,59
P09483,76
P09484,56
P09485,52
P09486,50
P09487,44
P09488,69
P09489,21
P09490,57
P09491,63
P09492,27
P09493,26
P09494,32
P09495,22
P09496,70
P09497,43
P09498,25
P09499,67
P09500,62
P09501,25
P09502,55
P09503,79
P09504,18
P09505,40
P09506,26
P09507,45
P09508,66
P09509,19
P09510,22
P09511,59
P09512,64
P09513,48
P09514,20
P09515,47
P09516,44
P09517,53
P09518,47
P09519,39
P09520,28
P09521,61
P09522,57
P09523,80
P09524,79
P09525,75
P09526,77
P09527,49
P09528,67
P09529,30
P09530,22
P09531,31
P09532,75
P09533,71
P09534,80
P09535,42
P09536,48
P09537,43
P09538,30
P09539,42
P09540,19
P09541,62
P09542,45
P09543,31
P09544,20
P09545,32
P09546,26
P09547,41
P09548,29
P09549,59
P09550,25
P09551,42
P09552,38
P09553,49
P09554,55
P09555,57
P09556,76
P09557,41
P09558,32
P09559,49
P09560,55
P09561,47
P09562,63
P09563,62
P09564,27
P09565,35
P09566,58
P09567,46
P09568,33
P09569,67
P09570,45
P09571,51
P09572,26
P09573,39
P09574,19
P09575,51
P09576,31
P09577,19
P09578,22
P09579,39
P09580,19
P09581,44
P09582,33
P09583,66
P09584,43
P09585,49
P09586,35
P09587,70
P09588,60
P09589,21
P09590,24
P09591,75
P09592,39
P09593,78
P09594,29
P09595,41
P09596,28
P09597,34
P09598,62
P09599,34
P09600,49
P09601,33
P09602,30
P09603,38
P09604,45
P09605,34
P09606,38
P09607,65
P09608,22
P09609,29
P09610,38
P09611,19
P09612,52
P09613,71
P09614,77
P09615,57
P09616,27
P09617,52
P09618,19
P09619,20
P09620,38
P09621,44
P09622,42
P09623,66
P09624,71
P09625,36
P09626,26
P09627,66
P09628,57
P09629,66
P09630,47
P09631,51
P09632,48
P09633,41
P09634,25
P09635,26
P09636,38
P09637,29
P09638,72
P09639,18
P09640,72
P09641,56
P09642,70
P09643,39
P09644,71
P09645,37
P09646,41
P09647,55
P09648,48
P09649,25
P09650,22
P09651,43
P09652,39
P09653,39
P09654,20
P09655,25
P09656,75
P09657,68
P09658,46
P09659,19
P09660,49
P09661,74
P09662,37
P09663,31
P09664,38
P09665,69
P09666,34
P09667,25
P09668,41
P09669,74
P09670,23
P09671,31
P09672,71
P09673,53
P09674,31
P09675,19
P09676,19
P09677,67
P09678,71
P09679,31
P09680,41
P09681,52
P09682,35
P09683,31
P09684,42
P09685,43
P09686,33
P09687,47
P09688,37
P09689,41
P09690,31
P09691,71
P09692,29
P09693,27
P09694,34
P09695,52
P09696,57
P09697,43
P09698,61
P09699,54
P09700,44
P09701,46
P09702,47
P09703,23
P09704,54
P09705,21
P09706,54
P09707,45
P09708,77
P09709,20
P09710,26
P09711,44
P09712,29
P09713,23
P09714,67
P09715,39
P09716,33
P09717,64
P09718,32
P09719,64
P09720,69
P09721,52
P09722,41
P09723,65
P09724,18
P09725,59
P09726,40
P09727,26
P09728,70
P09729,35
P09730,52
P09731,21
P09732,27
P09733,21
P09734,20
P09735,73
P09736,45
P09737,74
P09738,20
P09739,20
P09740,18
P09741,29
P09742,73
P09743,19
P09744,42
P09745,80
P09746,66
P09747,57
P09748,50
P09749,59
P09750,31
P09751,68
P09752,45
P09753,79
P09754,64
P09755,66
P09756,39
P09757,66
P09758,42
P09759,41
P09760,31
P09761,59
P09762,79
P09763,24
P09764,39
P09765,42
P09766,66
P09767,24
P09768,29
P09769,39
P09770,31
P09771,32
P09772,58
P09773,41
P09774,23
P09775,67
P09776,48
P09777,39
P09778,37
P09779,50
P09780,41
P09781,20
P09782,30
P09783,31
P09784,38
P09785,25
P09786,60
P09787,79
P09788,61
P09789,70
P09790,36
P09791,29
P09792,73
P09793,29
P09794,27
P09795,78
P09796,52
P09797,63
P09798,29
P09799,41
P09800,77
P09801,46
P09802,22
P09803,24
P09804,55
P09805,33
P09806,53
P09807,21
P09808,79
P09809,20
P09810,58
P09811,30
P09812,40
P09813,54
P09814,26
P09815,53
P09816,29
P09817,21
P09818,70
P09819,23
P09820,30
P09821,60
P09822,35
P09823,71
P09824,35
P09825,42
P09826,67
P09827,40
P09828,77
P09829,20
P09830,80
P09831,39
P09832,65
P09833,78
P09834,38
P09835,47
P09836,73
P09837,75
P09838,45
P09839,18
P09840,20
P09841,56
P09842,34
P09843,52
P09844,59
P09845,19
P09846,75
P09847,51
P09848,47
P09849,40
P09850,28
P09851,52
P09852,38
P09853,21
P09854,49
P09855,21
P09856,67
P09857,20
P09858,23
P09859,21
P09860,29
P09861,64
P09862,33
P09863,34
P09864,39
P09865,22
P09866,48
P09867,44
P09868,52
P09869,52
P09870,80
P09871,49
P09872,18
P09873,35
P09874,59
P09875,78
P09876,41
P09877,26
P09878,24
P09879,70
P09880,59
P09881,41
P09882,18
P09883,40
P09884,68
P09885,61
P09886,19
P09887,30
P09888,18
P09889,29
P09890,21
P09891,34
P09892,75
P09893,27
P09894,73
P09895,42
P09896,29
P09897,38
P09898,54
P09899,71
P09900,20
P09901,50
P09902,25
P09903,71
P09904,24
P09905,63
P09906,77
P09907,55
P09908,61
P09909,79
P09910,56
P09911,24
P09912,29
P09913,45
P09914,27
P09915,23
P09916,47
P09917,38
P09918,74
P09919,39
P09920,46
P09921,53
P09922,33
P09923,38
P09924,53
P09925,47
P09926,74
P09927,42
P09928,31
P09929,41
P09930,65
P09931,51
P09932,26
P09933,50
P09934,56
P09935,72
P09936,57
P09937,36
P09938,21
P09939,80
P09940,18
P09941,38
P09942,36
P09943,45
P09944,30
P09945,41
P09946,39
P09947,52
P09948,56
P09949,39
P09950,18
P09951,50
P09952,30
P09953,20
P09954,21
P09955,19
P09956,30
P09957,63
P09958,41
P09959,63
P09960,79
P09961,23
P09962,72
P09963,19
P09964,41
P09965,79
P09966,55
P09967,58
P09968,72
P09969,37
P09970,76
P09971,54
P09972,30
P09973,40
P09974,19
P09975,57
P09976,19
P09977,32
P09978,61
P09979,23
P09980,25
P09981,20
P09982,47
P09983,42
P09984,34
P09985,36
P09986,27
P09987,48
P09988,34
P09989,41
P09990,80
P09991,56
P09992,55
P09993,41
P09994,72
P09995,66
P09996,66
P09997,70
P09998,29
P09999,22
P10000,58
